site,title,url,pv,store
天猫,天猫tmall.com-尚天猫，就购了,http://www.tmall.com/,2686657,
天猫,-尚天猫，就购了    ,http://detail.tmall.com/,2378554,
天猫,天猫tmall.com-尚天猫，就购了,http://list.tmall.com/,393060,
天猫,天猫 - 上天猫，就够了,http://tuikuan.tmall.com/,252540,
天猫,-尚天猫，就购了    ,http://trade.tmall.com/,148417,
天猫,供销平台,http://gongxiao.tmall.com/,83477,
天猫,天猫会员-天猫Tmall.com-尚天猫，就购了,http://vip.tmall.com/,67494,
天猫,,http://upload.tmall.com/,64598,
天猫,天猫超市-天猫Tmall.com-上天猫，就购了-尚天猫，就购了,http://chaoshi.tmall.com/,60756,
天猫,天猫 - 上天猫，就够了,http://siteadmin.tmall.com/,56956,
天猫,"

                        首页-雅图旗舰店--            天猫Tmall.com             ",http://a.tmall.com/,52381,
天猫,,http://sell.tmall.com/,43914,
天猫,对不起，您访问的页面不存在！,http://buy.tmall.com/,41761,
天猫,登录 - 天猫tmall.com ―上天猫，就购了,http://login.tmall.com/,38250,
天猫,登录 - 天猫tmall.com ―上天猫，就购了,http://yx.tmall.com/,29724,
天猫,尚天猫-尚天猫，就购了,http://brand.tmall.com/,27451,
天猫,天猫触屏版,http://page.tmall.com/,25903,
天猫,-尚天猫，就购了    ,http://err.tmall.com/,21728,
天猫,,http://ratewrite.tmall.com/,21101,
天猫,"

			店铺浏览-淘宝网

		",http://goods.tmall.com/,17588,
天猫,潮牌街-品牌街-尚天猫，就购了,http://subject.tmall.com/,16498,
天猫,登录 - 天猫tmall.com ―上天猫，就购了,http://tmc.tmall.com/,14505,
天猫,对不起，您访问的页面不存在！,http://pass.tmall.com/,14339,
天猫,天猫 - 上天猫，就够了,http://cart.tmall.com/,14282,
天猫,"

			2014秋冬改版-水星家纺旗舰店-天猫Tmall.com

	",http://shuixing.tmall.com/,13817,水星家纺旗舰店
天猫,"

			首页-asobio官方旗舰店-天猫Tmall.com

	",http://asobio.tmall.com/,12830,asobio官方旗舰店
天猫,"

			店铺浏览-淘宝网

		",http://s.tmall.com/,10415,
天猫,"

			首页-车品弘智专营店-天猫Tmall.com

	",http://hongzhi.tmall.com/,9704,车品弘智专营店
天猫,天猫tmall.com-尚天猫，就购了,http://m.tmall.com/,9203,
天猫,"

			首页-aza旗舰店-天猫Tmall.com

	",http://azams.tmall.com/,8875,aza旗舰店
天猫,天猫tmall.com-尚天猫，就购了,http://dacu.tmall.com/,8606,
天猫,"

			首尔冬日-韩都衣舍旗舰店-天猫Tmall.com

	",http://handuyishe.tmall.com/,8062,韩都衣舍旗舰店
天猫,"

			首页-优衣库官方旗舰店-天猫Tmall.com

	",http://uniqlo.tmall.com/,7283,优衣库官方旗舰店
天猫,商家中心-尚天猫，就购了,http://shangjia.tmall.com/,6880,
天猫,天猫点券-天猫Tmall.com-上天猫，就购了,http://ka.tmall.com/,6760,
天猫,淘宝网 - 服务中心 首页,http://service.tmall.com/,6726,
天猫,尚天猫-尚天猫，就购了,http://brand1.tmall.com/,6677,
天猫,天猫电器城-网购数码家电首选平台，每日特价、正品行货、服务保障，有我，你放心！-尚天猫，就购了    ,http://3c.tmall.com/,6489,
天猫,天猫女装频道-尚天猫，就购了    ,http://nvzhuang.tmall.com/,6473,
天猫,,http://rights.tmall.com/,6313,
天猫,"

			新首页-nba旗舰店-天猫Tmall.com

	",http://nbastore.tmall.com/,5937,nba旗舰店
天猫,"

			首页-zoteno官方旗舰店-天猫Tmall.com

	",http://zoteno.tmall.com/,5780,zoteno官方旗舰店
天猫,天猫美妆-精选正品行货护肤美妆香水工具-尚天猫，就购了,http://mei.tmall.com/,5467,
天猫,"

			首页-来佛运动专营店-天猫Tmall.com

	",http://lfyd.tmall.com/,5323,来佛运动专营店
天猫,"

			首页-苗江运动专营店-天猫Tmall.com

	",http://miaojiangyd.tmall.com/,4936,苗江运动专营店
天猫,"

			店铺浏览-淘宝网

		",http://sycm.tmall.com/,4813,
天猫,登录 - 天猫tmall.com ―上天猫，就购了,http://tw.tmall.com/,4541,
天猫,-尚天猫，就购了    ,http://mdetail.tmall.com/,4538,
天猫,"

			首页-迪卡侬旗舰店-天猫Tmall.com

	",http://decathlon.tmall.com/,4429,迪卡侬旗舰店
天猫,"

			店铺浏览-淘宝网

		",http://act.tmall.com/,4395,
天猫,"

                        首页-敏悦母婴专营店--            天猫Tmall.com             ",http://mymy.tmall.com/,4320,
天猫,登录 - 天猫tmall.com ―上天猫，就购了,http://miaoxin.tmall.com/,4259,
天猫,"

			店铺浏览-淘宝网

		",http://stay.tmall.com/,4005,
天猫,"

			首页-立邦漆官方旗舰店-天猫Tmall.com

	",http://nipponpaint.tmall.com/,3895,立邦漆官方旗舰店
天猫,喵鲜生-全球健康好味道    ,http://miao.tmall.com/,3883,
天猫,,http://portal.tmall.com/,3860,
天猫,"

			首页-雨博办公专营店-天猫Tmall.com

	",http://yubobg.tmall.com/,3785,雨博办公专营店
天猫,"

			首页-adidas官方旗舰店-天猫Tmall.com

	",http://adidas.tmall.com/,3761,adidas官方旗舰店
天猫,"

			ONLY官方旗舰店-ONLY官方旗舰店-天猫Tmall.com

	",http://only.tmall.com/,3705,ONLY官方旗舰店
天猫,,http://product.tmall.com/,3698,
天猫,"

			首页-New Balance旗舰店-天猫Tmall.com

	",http://newbalance.tmall.com/,3632,New Balance旗舰店
天猫,"

			首页-NIKE官方旗舰店-天猫Tmall.com

	",http://nike.tmall.com/,3621,NIKE官方旗舰店
天猫,"

			首页-superr旗舰店-天猫Tmall.com

	",http://superr.tmall.com/,3619,superr旗舰店
天猫,试美妆-天猫美妆-精选正品行货护肤美妆香水工具-尚天猫，就购了,http://shiyong.tmall.com/,3571,
天猫,"

			首页-小米官方旗舰店-天猫Tmall.com

	",http://xiaomi.tmall.com/,3353,小米官方旗舰店
天猫,,http://jdy.tmall.com/,3325,
天猫,"

			首页-veromoda官方旗舰店-天猫Tmall.com

	",http://veromoda.tmall.com/,3293,veromoda官方旗舰店
天猫,【天猫精选】精选淘宝商城女装、男装、鞋、箱包、手机数码、生活居家-天猫tmall.com,http://jx.tmall.com/,3291,
天猫,"

			百丽丝家纺首页（新）-百丽丝家纺旗舰店-天猫Tmall.com

	",http://bliss.tmall.com/,3190,百丽丝家纺旗舰店
天猫,"

			首页-周生生官方旗舰店-天猫Tmall.com

	",http://chowsangsang.tmall.com/,3102,周生生官方旗舰店
天猫,"

			首页-来圣运动专营店-天猫Tmall.com

	",http://laishengyd.tmall.com/,2863,来圣运动专营店
天猫,"

			首页-Gap官方旗舰店-天猫Tmall.com

	",http://gap.tmall.com/,2854,Gap官方旗舰店
天猫,"

			首页-果珈数码专营店-天猫Tmall.com

	",http://gjsm.tmall.com/,2839,果珈数码专营店
天猫,å¤©ç«å®¢æ·ç«¯å®æ¹é¦é¡µ,http://mobile.tmall.com/,2801,
天猫, ,http://register.tmall.com/,2754,
天猫,"

			首页-老板逊驰专卖店-天猫Tmall.com

	",http://robamxc.tmall.com/,2736,老板逊驰专卖店
天猫,"

			首页-wrc旗舰店-天猫Tmall.com

	",http://wrccp.tmall.com/,2715,wrc旗舰店
天猫,"

			首页-qfour旗舰店-天猫Tmall.com

	",http://qfour.tmall.com/,2654,qfour旗舰店
天猫,"

			jackjones新首页-JackJones官方旗舰店-天猫Tmall.com

	",http://jackjones.tmall.com/,2594,JackJones官方旗舰店
天猫,"

			水星品牌店-水星家纺品牌专卖店-天猫Tmall.com

	",http://mercuryjiafang.tmall.com/,2576,水星家纺品牌专卖店
天猫,"

			首页-周大福官方旗舰店-天猫Tmall.com

	",http://ctf.tmall.com/,2576,周大福官方旗舰店
天猫,"

			首页-达芙妮官方旗舰店-天猫Tmall.com

	",http://daphne.tmall.com/,2499,达芙妮官方旗舰店
天猫,"

			首页-全城热恋珠宝旗舰店-天猫Tmall.com

	",http://quanchengrelianzb.tmall.com/,2470,全城热恋珠宝旗舰店
天猫,天猫女鞋频道-尚天猫，就购了    ,http://nvxie.tmall.com/,2436,
天猫,"

			狂欢再继续-童歌母婴专营店-天猫Tmall.com

	",http://tgmy.tmall.com/,2392,童歌母婴专营店
天猫,"

			首页-创崛车品专营店-天猫Tmall.com

	",http://cjcp.tmall.com/,2310,创崛车品专营店
天猫,"

			首页-周黑鸭上海专卖店-天猫Tmall.com

	",http://zhouheiyash.tmall.com/,2270,周黑鸭上海专卖店
天猫,天猫 - 上天猫，就够了,http://fbuy.tmall.com/,2269,
天猫,阿里通信,http://aliqin.tmall.com/,2237,
天猫,"

			首页-安买旗舰店-天猫Tmall.com

	",http://amai18.tmall.com/,2205,安买旗舰店
天猫,"

			首页-上海故事服饰配件旗舰店-天猫Tmall.com

	",http://shanghaigushi.tmall.com/,2159,上海故事服饰配件旗舰店
天猫,"

			首页-趣道旗舰店-天猫Tmall.com

	",http://qudao.tmall.com/,2108,趣道旗舰店
天猫,天猫男装频道-尚天猫，就购了    ,http://nanzhuang.tmall.com/,2105,
天猫,,http://webww.tmall.com/,2074,
天猫,登录 - 天猫tmall.com ―上天猫，就购了,http://mybrand.tmall.com/,2055,
天猫,"

			购酒网3周年-购酒网官方旗舰店-天猫Tmall.com

	",http://gjwjl.tmall.com/,2047,购酒网官方旗舰店
天猫,天猫食品-尚天猫，就购了    ,http://food.tmall.com/,2033,
天猫,"

			裂帛服饰旗舰-关于美-裂帛服饰旗舰店-天猫Tmall.com

	",http://ripfs.tmall.com/,2009,关于美-裂帛服饰旗舰店
天猫,"

			首页-GXG官方旗舰店-天猫Tmall.com

	",http://gxg.tmall.com/,2001,GXG官方旗舰店
天猫,天猫母婴-尚天猫，就购了-尚天猫，就购了    ,http://baby.tmall.com/,2000,
天猫,"

			首页-好味氏旗舰店-天猫Tmall.com

	",http://halls.tmall.com/,1992,好味氏旗舰店
天猫,"

			店铺浏览-淘宝网

		",http://hf.tmall.com/,1990,
天猫,"

			首页-热风旗舰店-天猫Tmall.com

	",http://hotwind.tmall.com/,1977,热风旗舰店
天猫, 天猫运营服务,http://fw.tmall.com/,1938,
天猫,"

			首页-ochirly官方旗舰店-天猫Tmall.com

	",http://ochirly.tmall.com/,1926,ochirly官方旗舰店
天猫,"

			首页-意萨立德家居旗舰店-天猫Tmall.com

	",http://yisalide.tmall.com/,1910,意萨立德家居旗舰店
天猫,"

			首页-粉红大布娃娃旗舰店-天猫Tmall.com

	",http://dabuwawa.tmall.com/,1865,粉红大布娃娃旗舰店
天猫,"

			首页-三只松鼠旗舰店-天猫Tmall.com

	",http://sanzhisongshu.tmall.com/,1864,三只松鼠旗舰店
天猫,"

			首页-腾颐家居专营店-天猫Tmall.com

	",http://tengyijj.tmall.com/,1845,腾颐家居专营店
天猫,"

			首页-茵曼旗舰店-天猫Tmall.com

	",http://inman.tmall.com/,1842,茵曼旗舰店
天猫,"

			首页-妖精的口袋旗舰店-天猫Tmall.com

	",http://yaojingdekoudai.tmall.com/,1770,妖精的口袋旗舰店
天猫,,http://bar.tmall.com/,1703,
天猫,"

			首页-初语旗舰店-天猫Tmall.com

	",http://chuyu.tmall.com/,1699,初语旗舰店
天猫,"

			首页-卧裕家居专营店-天猫Tmall.com

	",http://woyujiaju.tmall.com/,1683,卧裕家居专营店
天猫,"

			首页-gainreel歌瑞尔内衣旗舰店-天猫Tmall.com

	",http://gainreel.tmall.com/,1667,gainreel歌瑞尔内衣旗舰店
天猫,"

			首页-xiaoweitongxue旗舰店-天猫Tmall.com

	",http://xiaoweitongxue.tmall.com/,1639,xiaoweitongxue旗舰店
天猫,退款详情-上天猫，就购了,http://refund.tmall.com/,1607,
天猫,"

			首页-飞雕桂泳专卖店-天猫Tmall.com

	",http://feidiaogy.tmall.com/,1577,飞雕桂泳专卖店
天猫,天猫箱包频道-尚天猫，就购了    ,http://bag.tmall.com/,1567,
天猫,"

			首页-家乐氏官方旗舰店-天猫Tmall.com

	",http://kelloggs.tmall.com/,1557,家乐氏官方旗舰店
天猫,淘宝规则,http://rule.tmall.com/,1542,
天猫,天猫内衣频道-尚天猫，就购了    ,http://neiyi.tmall.com/,1536,
天猫,"

			首页-阿芙官方旗舰店-天猫Tmall.com

	",http://afusjt.tmall.com/,1533,阿芙官方旗舰店
天猫,"

			首页-禾博士旗舰店-天猫Tmall.com

	",http://drherbs.tmall.com/,1526,禾博士旗舰店
天猫,"

			首页-forever21官方旗舰店-天猫Tmall.com

	",http://forever21.tmall.com/,1500,forever21官方旗舰店
天猫,"

			首页-马莎官方旗舰店-天猫Tmall.com

	",http://marksandspencer.tmall.com/,1494,马莎官方旗舰店
天猫,"

			AKC旗舰店-akc旗舰店-天猫Tmall.com

	",http://akcxl.tmall.com/,1477,akc旗舰店
天猫,"

			首页-宁美国度官方旗舰店-天猫Tmall.com

	",http://nmsm.tmall.com/,1472,宁美国度官方旗舰店
天猫,天猫男鞋频道-尚天猫，就购了    ,http://nanxie.tmall.com/,1467,
天猫,"

			店铺浏览-淘宝网

		",http://tmall.tmall.com/,1458,
天猫,"

			首页-esprit官方旗舰店-天猫Tmall.com

	",http://esprit.tmall.com/,1449,esprit官方旗舰店
天猫,"

			首页-屈臣氏官方旗舰店-天猫Tmall.com

	",http://watsons.tmall.com/,1438,屈臣氏官方旗舰店
天猫,"

			首页-新光饰品淘宝旗舰店-天猫Tmall.com

	",http://xinguangshipin.tmall.com/,1433,新光饰品淘宝旗舰店
天猫,"

			首页-罗莱家纺官方旗舰店-天猫Tmall.com

	",http://luolai.tmall.com/,1426,罗莱家纺官方旗舰店
天猫,对不起，您访问的页面不存在！,http://alisec.tmall.com/,1413,
天猫,"

			首页-ca官方旗舰店-天猫Tmall.com

	",http://ca.tmall.com/,1395,ca官方旗舰店
天猫,"

			首页-亿钒家居专营店-天猫Tmall.com

	",http://yfjiaju.tmall.com/,1377,亿钒家居专营店
天猫,"

			首页-无印良品MUJI官方旗舰店-天猫Tmall.com

	",http://muji.tmall.com/,1315,无印良品MUJI官方旗舰店
天猫,"

			首页-上海通用别克旗舰店-天猫Tmall.com

	",http://buick.tmall.com/,1314,上海通用别克旗舰店
天猫,"

			首页-艾格官方旗舰店-天猫Tmall.com

	",http://etam.tmall.com/,1308,艾格官方旗舰店
天猫,"

			首页-富安娜官方旗舰店-天猫Tmall.com

	",http://fuanna.tmall.com/,1302,富安娜官方旗舰店
天猫,"

			首页-匠之心旗舰店-天猫Tmall.com

	",http://jiangzhixin.tmall.com/,1297,匠之心旗舰店
天猫,"

			首页-和纭童装专营店-天猫Tmall.com

	",http://heyuntz.tmall.com/,1278,和纭童装专营店
天猫,"

			首页-禄昌家居专营店-天猫Tmall.com

	",http://luchangjj.tmall.com/,1273,禄昌家居专营店
天猫,"

			首页-美特斯邦威官方网店-天猫Tmall.com

	",http://metersbonwe.tmall.com/,1260,美特斯邦威官方网店
天猫,"

			首页-toms旗舰店-天猫Tmall.com

	",http://toms.tmall.com/,1250,toms旗舰店
天猫,"

			碧然德全城找好水-brita碧然德旗舰店-天猫Tmall.com

	",http://brita.tmall.com/,1241,brita碧然德旗舰店
天猫,"

			首页-i.t 官方旗舰店-天猫Tmall.com

	",http://it.tmall.com/,1238,i.t 官方旗舰店
天猫,"

			首页-vans官方旗舰店-天猫Tmall.com

	",http://vans.tmall.com/,1224,vans官方旗舰店
天猫,"

			首页-mysenlan旗舰店-天猫Tmall.com

	",http://mysenlan.tmall.com/,1199,mysenlan旗舰店
天猫,"

			首页-e百丽官方旗舰店-天猫Tmall.com

	",http://belle.tmall.com/,1194,e百丽官方旗舰店
天猫,"

			新首页-nba旗舰店-天猫Tmall.com

	",http://nba.tmall.com/,1193,nba旗舰店
天猫,天猫智库-天猫Tmall.com-上天猫，就购了,http://peixun.tmall.com/,1186,
天猫,"

			首页-artka官方旗舰店-天猫Tmall.com

	",http://artka.tmall.com/,1177,artka官方旗舰店
天猫,"

			首页-cachecache旗舰店-天猫Tmall.com

	",http://cachecachebmnw.tmall.com/,1172,cachecache旗舰店
天猫,"

			店铺浏览-淘宝网

		",http://yyz.tmall.com/,1170,
天猫,尚天猫，就购了-新品牌形象发布-尚天猫，就购了 ,http://new.tmall.com/,1169,
天猫,"

			首页-海澜之家官方旗舰店-天猫Tmall.com

	",http://heilanhome.tmall.com/,1158,海澜之家官方旗舰店
天猫,"

			首页-银泰百货精品旗舰店-天猫Tmall.com

	",http://yintai.tmall.com/,1112,银泰百货精品旗舰店
天猫,"

			太平鸟--太平鸟官方旗舰店-天猫Tmall.com

	",http://pb89.tmall.com/,1104,-太平鸟官方旗舰店
天猫,"

			首页-森马官方旗舰店-天猫Tmall.com

	",http://semir.tmall.com/,1102,森马官方旗舰店
天猫,"

			首页-美赞臣官方旗舰店-天猫Tmall.com

	",http://meadjohnson.tmall.com/,1100,美赞臣官方旗舰店
天猫,"

			首页-百草味旗舰店-天猫Tmall.com

	",http://baicaowei.tmall.com/,1098,百草味旗舰店
天猫,"

			首页-飞利浦官方旗舰店-天猫Tmall.com

	",http://philipschina.tmall.com/,1097,飞利浦官方旗舰店
天猫,"

			首页-新雅食品旗舰店-天猫Tmall.com

	",http://xinyashipin.tmall.com/,1092,新雅食品旗舰店
天猫,"

			首页-宝洁官方旗舰店-天猫Tmall.com

	",http://pg.tmall.com/,1081,宝洁官方旗舰店
天猫,"

			首页-尚品宅配官方旗舰店-天猫Tmall.com

	",http://shangpinzhaipei.tmall.com/,1065,尚品宅配官方旗舰店
天猫,天猫运动-尚天猫，就购了    ,http://sports.tmall.com/,1065,
天猫,"

			首页-初棉旗舰店-天猫Tmall.com

	",http://chumian.tmall.com/,1036,初棉旗舰店
天猫,"

			首页-crocs官方旗舰-天猫Tmall.com

	",http://crocs.tmall.com/,1035,crocs官方旗舰
天猫,天猫医药首页-尚天猫，就购了    ,http://yao.tmall.com/,1032,
天猫,"

			乐町首页new-乐町官方旗舰店-天猫Tmall.com

	",http://leting.tmall.com/,1032,乐町官方旗舰店
天猫,"

			首页-Charles Keith官方旗舰店-天猫Tmall.com

	",http://charleskeith.tmall.com/,1029,Charles Keith官方旗舰店
天猫,"

			首页-大汉酵素旗舰店-天猫Tmall.com

	",http://dahanjiaosu.tmall.com/,1024,大汉酵素旗舰店
天猫,"

			首页-上海大众汽车大众旗舰店-天猫Tmall.com

	",http://svw.tmall.com/,1019,上海大众汽车大众旗舰店
天猫,申请入驻，加入天猫- 天猫招商-天猫Tmall.com-上天猫，就购了,http://zhaoshang.tmall.com/,1015, 天猫招商
天猫,"

			首页-ASOS官方旗舰店-天猫Tmall.com

	",http://asos.tmall.com/,1012,ASOS官方旗舰店
天猫,"

			冬装囤货季-米妮哈鲁童装旗舰店-天猫Tmall.com

	",http://minizaru.tmall.com/,1010,米妮哈鲁童装旗舰店
天猫,"

			首页--博洋家纺官方旗舰店-天猫Tmall.com

	",http://beyond.tmall.com/,1009,-博洋家纺官方旗舰店
天猫,"

			首页-京熠数码专营店-天猫Tmall.com

	",http://jingyishuma.tmall.com/,1006,京熠数码专营店
天猫,"

			首页-简佰格旗舰店-天猫Tmall.com

	",http://jonbag.tmall.com/,994,简佰格旗舰店
天猫,"

			安盛天平财产保险-安盛天平财产保险旗舰店-天猫Tmall.com

	",http://95550.tmall.com/,993,安盛天平财产保险旗舰店
天猫,"

			2014.11月新首页-三彩官方旗舰店-天猫Tmall.com

	",http://threecolour.tmall.com/,993,三彩官方旗舰店
天猫,"

			首页-yoomito旗舰店-天猫Tmall.com

	",http://yoomito.tmall.com/,988,yoomito旗舰店
天猫,七夕狂欢 服饰夏清仓1折起-尚天猫，就购了    ,http://7xi.tmall.com/,972,
天猫,"

			首页-真维斯官方旗舰店-天猫Tmall.com

	",http://jeanswest.tmall.com/,969,真维斯官方旗舰店
天猫,"

			首页-fiveplus官方旗舰店-天猫Tmall.com

	",http://fiveplus.tmall.com/,961,fiveplus官方旗舰店
天猫,"

			BASIC HOUSE 终极秒杀-BASICHOUSE官方旗舰-天猫Tmall.com

	",http://basichouse.tmall.com/,957,BASICHOUSE官方旗舰
天猫,天猫规则首页-天猫Tmall.com-上天猫，就购了,http://guize.tmall.com/,956,
天猫,"

			首页-朗酷车品专营店-天猫Tmall.com

	",http://langkucp.tmall.com/,954,朗酷车品专营店
天猫,"

			首页-车煜车品专营店-天猫Tmall.com

	",http://cheyucp.tmall.com/,953,车煜车品专营店
天猫,"

			活动专区-上迪鞋类专营店-天猫Tmall.com

	",http://sdxl.tmall.com/,953,上迪鞋类专营店
天猫,"

			2014冬装新品发布-tunetune旗舰店-天猫Tmall.com

	",http://tunetune.tmall.com/,951,tunetune旗舰店
天猫,"

			首页-上海故事服饰专营店-天猫Tmall.com

	",http://shgsfs.tmall.com/,949,上海故事服饰专营店
天猫,"

			首页-欧莱雅官方旗舰店-天猫Tmall.com

	",http://loreal.tmall.com/,931,欧莱雅官方旗舰店
天猫,"

			首页-李宁官方网店-天猫Tmall.com

	",http://lining.tmall.com/,926,李宁官方网店
天猫,"

			首页-SELECTED官方旗舰店-天猫Tmall.com

	",http://selected.tmall.com/,922,SELECTED官方旗舰店
天猫,家装频道首页-尚天猫，就购了    ,http://jia.tmall.com/,921,
天猫,-尚天猫，就购了 ,http://marketing.tmall.com/,920,
天猫,"

			首页-太平鸟男装旗舰店-天猫Tmall.com

	",http://peacebird.tmall.com/,916,太平鸟男装旗舰店
天猫,"

			寻光特辑1201-AMH官方旗舰店-天猫Tmall.com

	",http://amh.tmall.com/,914,AMH官方旗舰店
天猫,"

			LA-11.24新品发布-ladyangel旗舰店-天猫Tmall.com

	",http://ladyangel.tmall.com/,913,11.24新品发布-ladyangel旗舰店
天猫,"

			店铺浏览-淘宝网

		",http://static.tmall.com/,912,
天猫,"

			首页-铂金世家地板旗舰店-天猫Tmall.com

	",http://bojinshijiadiban.tmall.com/,911,铂金世家地板旗舰店
天猫,"

			首页-othermix旗舰店-天猫Tmall.com

	",http://othermix.tmall.com/,909,othermix旗舰店
天猫,"

			lily旗舰店冬季-lily旗舰店-天猫Tmall.com

	",http://lilyfs.tmall.com/,908,lily旗舰店
天猫,"

			首页-pullandbear官方旗舰店-天猫Tmall.com

	",http://pullandbear.tmall.com/,907,pullandbear官方旗舰店
天猫,"

			首页-MANGO旗舰店-天猫Tmall.com

	",http://mango.tmall.com/,900,MANGO旗舰店
天猫,"

			首页-史泰博旗舰店-天猫Tmall.com

	",http://staples.tmall.com/,900,史泰博旗舰店
天猫,"

			首页-得强酒类专营店-天猫Tmall.com

	",http://dqjl.tmall.com/,896,得强酒类专营店
天猫,"

			首页-osa品牌服饰旗舰店-天猫Tmall.com

	",http://osa.tmall.com/,886,osa品牌服饰旗舰店
天猫,"

			首页-shinena夏娜旗舰店-天猫Tmall.com

	",http://shinena.tmall.com/,883,shinena夏娜旗舰店
天猫,"

			首页-马克华菲官方旗舰店-天猫Tmall.com

	",http://fairwhale.tmall.com/,881,马克华菲官方旗舰店
天猫,"

			首页-博柏利官方旗舰店-天猫Tmall.com

	",http://burberry.tmall.com/,879,博柏利官方旗舰店
天猫,"

			首页-rio锐澳旗舰店-天猫Tmall.com

	",http://ruiao.tmall.com/,876,rio锐澳旗舰店
天猫,"

			首页-innisfree官方旗舰店-天猫Tmall.com

	",http://innisfree.tmall.com/,869,innisfree官方旗舰店
天猫,"

			首页-rusuoo旗舰店-天猫Tmall.com

	",http://rusuoo.tmall.com/,859,rusuoo旗舰店
天猫,"

			首页-Levi's官方旗舰店-天猫Tmall.com

	",http://levis.tmall.com/,858,Levi's官方旗舰店
天猫,"

			首页-olrain旗舰店-天猫Tmall.com

	",http://olrain.tmall.com/,857,olrain旗舰店
天猫,-尚天猫，就购了    ,http://item.tmall.com/,855,
天猫,"

			首页-中国平安官方旗舰店-天猫Tmall.com

	",http://pingan.tmall.com/,855,中国平安官方旗舰店
天猫,首页-英特尔品牌站-天猫Tmall.com-上天猫，就购了,http://intel-brand.tmall.com/,849,英特尔品牌站
天猫,"

			首页-locaer旗舰店-天猫Tmall.com

	",http://locaer.tmall.com/,848,locaer旗舰店
天猫,"

			首页-惯惯母婴专营店-天猫Tmall.com

	",http://ggmuying.tmall.com/,838,惯惯母婴专营店
天猫,"

			首页-Apple Store 官方旗舰店-天猫Tmall.com

	",http://apple.tmall.com/,835,Apple Store 官方旗舰店
天猫,"

			首页-CONVERSE官方旗舰店-天猫Tmall.com

	",http://converse.tmall.com/,814,CONVERSE官方旗舰店
天猫,"

			首页-飞利浦荷洋专卖店-天猫Tmall.com

	",http://philipshy.tmall.com/,814,飞利浦荷洋专卖店
天猫,"

			首页-来伊份官方旗舰店-天猫Tmall.com

	",http://laiyifen.tmall.com/,811,来伊份官方旗舰店
天猫,"

			首页-天堂伞官方旗舰店-天猫Tmall.com

	",http://tiantangsan.tmall.com/,811,天堂伞官方旗舰店
天猫,"

			首页-TeenieWeenie官方旗舰店-天猫Tmall.com

	",http://teenieweenie.tmall.com/,809,TeenieWeenie官方旗舰店
天猫,"

			红火鸟双十一活动-红火鸟上迪专卖店-天猫Tmall.com

	",http://redesssd.tmall.com/,807,红火鸟上迪专卖店
天猫,-尚天猫，就购了    ,http://dianqi.tmall.com/,806,
天猫,"

			首页-moco官方旗舰店-天猫Tmall.com

	",http://moco.tmall.com/,803,moco官方旗舰店
天猫,"

			首页-车泓车品专营店-天猫Tmall.com

	",http://chehongcp.tmall.com/,800,车泓车品专营店
天猫,"

			首页-公牛电器旗舰店-天猫Tmall.com

	",http://gongniu.tmall.com/,800,公牛电器旗舰店
天猫,物流服务首页-天猫Tmall.com-上天猫，就购了,http://e56.tmall.com/,798,
天猫,"

			首页-秋水伊人官方旗舰店-天猫Tmall.com

	",http://qiushuiyiren.tmall.com/,798,秋水伊人官方旗舰店
天猫,"

			首页-lagogo服饰旗舰店-天猫Tmall.com

	",http://lagogo.tmall.com/,796,lagogo服饰旗舰店
天猫,"

			首页-潘朵拉神秘恋人旗舰店-天猫Tmall.com

	",http://pdlsmlr.tmall.com/,792,潘朵拉神秘恋人旗舰店
天猫,"

			首页-曼妮芬官方旗舰店-天猫Tmall.com

	",http://maniform.tmall.com/,782,曼妮芬官方旗舰店
天猫,"

			首页-小欢园玩具专营店-天猫Tmall.com

	",http://xhywj.tmall.com/,782,小欢园玩具专营店
天猫,"

			首页-空中网旗舰店-天猫Tmall.com

	",http://kongzhong.tmall.com/,773,空中网旗舰店
天猫,"

			首页-七匹狼官方旗舰店-天猫Tmall.com

	",http://septwolves.tmall.com/,770,七匹狼官方旗舰店
天猫,"

			首页-高露洁棕榄官方旗舰店-天猫Tmall.com

	",http://colgate.tmall.com/,769,高露洁棕榄官方旗舰店
天猫,Index,http://fwfront.tmall.com/,767,
天猫,"

			首页-联新办公专营店-天猫Tmall.com

	",http://lianxinbg.tmall.com/,760,联新办公专营店
天猫,"

			首页-华道图书专营店-天猫Tmall.com

	",http://huadaots.tmall.com/,759,华道图书专营店
天猫,"

			首页-卓诗尼旗舰店-天猫Tmall.com

	",http://josiny.tmall.com/,747,卓诗尼旗舰店
天猫,"

			首页-周黑鸭食品旗舰店-天猫Tmall.com

	",http://zhouheiya.tmall.com/,746,周黑鸭食品旗舰店
天猫,"

			VOA新版首页-voa旗舰店-天猫Tmall.com

	",http://voa.tmall.com/,741,voa旗舰店
天猫,"

			首页-佐丹奴官方旗舰店-天猫Tmall.com

	",http://giordano.tmall.com/,732,佐丹奴官方旗舰店
天猫,"

			首页-新益号茶叶旗舰店-天猫Tmall.com

	",http://xinyihao.tmall.com/,724,新益号茶叶旗舰店
天猫,"

			常规首页-古今内衣官方旗舰店-天猫Tmall.com

	",http://gujin.tmall.com/,719,古今内衣官方旗舰店
天猫,"

			首页-星期六官方旗舰店-天猫Tmall.com

	",http://stsat.tmall.com/,719,星期六官方旗舰店
天猫,"

			首页-伊芙丽官方旗舰-天猫Tmall.com

	",http://eifini.tmall.com/,718,伊芙丽官方旗舰
天猫,"

			首页-bananaumbrella旗舰店-天猫Tmall.com

	",http://bananaumbrella.tmall.com/,714,bananaumbrella旗舰店
天猫,"

			首页-3M官方旗舰店-天猫Tmall.com

	",http://3m.tmall.com/,713,3M官方旗舰店
天猫,"

			首页-布可以旗舰店-天猫Tmall.com

	",http://bukeyi.tmall.com/,710,布可以旗舰店
天猫,"

			首页-鸣响汽车用品专营店-天猫Tmall.com

	",http://mxqcyp.tmall.com/,707,鸣响汽车用品专营店
天猫,"

			首页-逸阳旗舰店-天猫Tmall.com

	",http://esey.tmall.com/,706,逸阳旗舰店
天猫,"

			首页-润乙一服饰旗舰店-天猫Tmall.com

	",http://runyiyifs.tmall.com/,695,润乙一服饰旗舰店
天猫,"

			首页-华德地毯旗舰店-天猫Tmall.com

	",http://hd.tmall.com/,685,华德地毯旗舰店
天猫,"

			首页-红提旗舰店-天猫Tmall.com

	",http://hongti.tmall.com/,684,红提旗舰店
天猫,"

			微软中国官方旗舰店-微软中国官方旗舰店-天猫Tmall.com

	",http://microsoftstore.tmall.com/,678,微软中国官方旗舰店
天猫,"

			首页-骆驼服饰旗舰店-天猫Tmall.com

	",http://luotuo.tmall.com/,677,骆驼服饰旗舰店
天猫,"

			首页-冠闽汽车用品专营店-天猫Tmall.com

	",http://gmqcyp.tmall.com/,676,冠闽汽车用品专营店
天猫,"

			首页-newbalance童鞋旗舰店-天猫Tmall.com

	",http://newbalancekids.tmall.com/,673,newbalance童鞋旗舰店
天猫,"

			首页-美宝莲旗舰店-天猫Tmall.com

	",http://maybelline.tmall.com/,671,美宝莲旗舰店
天猫,"

			首页-亦谷官方旗舰店-天猫Tmall.com

	",http://yigue.tmall.com/,671,亦谷官方旗舰店
天猫,"

			首页-follifollie官方旗舰店-天猫Tmall.com

	",http://follifollie.tmall.com/,670,follifollie官方旗舰店
天猫,"

			首页-zk旗舰店-天猫Tmall.com

	",http://zarakara.tmall.com/,664,zk旗舰店
天猫,"

			首页-盛大游戏官方旗舰店-天猫Tmall.com

	",http://sd.tmall.com/,659,盛大游戏官方旗舰店
天猫,"

			首页-OldNavy官方旗舰店-天猫Tmall.com

	",http://oldnavy.tmall.com/,657,OldNavy官方旗舰店
天猫,"

			首页-The North Face官方旗舰店-天猫Tmall.com

	",http://thenorthface.tmall.com/,655,The North Face官方旗舰店
天猫,"

			首页new-梦洁旗舰店-天猫Tmall.com

	",http://mengjie.tmall.com/,653,梦洁旗舰店
天猫,对不起，您访问的页面不存在！,http://aldcdn.tmall.com/,652,
天猫,"

			首页-dusto旗舰店-天猫Tmall.com

	",http://dusto.tmall.com/,651,dusto旗舰店
天猫,"

			首页-雅莹官方旗舰店-天猫Tmall.com

	",http://elegantprosper.tmall.com/,648,雅莹官方旗舰店
天猫,"

			首页-eve旗舰店-天猫Tmall.com

	",http://eve.tmall.com/,647,eve旗舰店
天猫,"

			首页-eskin官方旗舰店-天猫Tmall.com

	",http://eskin.tmall.com/,642,eskin官方旗舰店
天猫,"

			首页-百丽官方旗舰店-天猫Tmall.com

	",http://ebelle.tmall.com/,636,百丽官方旗舰店
天猫,"

			首页-iwe旗舰店-天猫Tmall.com

	",http://iwesp.tmall.com/,632,iwe旗舰店
天猫,"

			松下电器旗舰店-松下电器旗舰店-天猫Tmall.com

	",http://panasonic.tmall.com/,628,松下电器旗舰店
天猫,"

			首页-林氏木业家具旗舰店-天猫Tmall.com

	",http://lshmy.tmall.com/,624,林氏木业家具旗舰店
天猫,壹周新发现-当前活动-尚天猫，就购了    ,http://xfx.tmall.com/,623,
天猫,"

			首页-哥弟官方旗舰店-天猫Tmall.com

	",http://girdear.tmall.com/,618,哥弟官方旗舰店
天猫,"

			首页-唐狮官方旗舰店-天猫Tmall.com

	",http://tonlion.tmall.com/,616,唐狮官方旗舰店
天猫,"

			首页--天使之城-天使之城官方旗舰店-天猫Tmall.com

	",http://angelcitiz.tmall.com/,615,-天使之城-天使之城官方旗舰店
天猫,"

			首页-花笙记旗舰店-天猫Tmall.com

	",http://huashengji.tmall.com/,614,花笙记旗舰店
天猫,"

			首页-市舶司旗舰店-天猫Tmall.com

	",http://shibosi.tmall.com/,613,市舶司旗舰店
天猫,"

			首页-宠乐宠物用品专营店-天猫Tmall.com

	",http://clcwyp.tmall.com/,605,宠乐宠物用品专营店
天猫,"

			首页-米斯塔卫旗舰店-天猫Tmall.com

	",http://misitawei.tmall.com/,602,米斯塔卫旗舰店
天猫,"

			首页-一米阳光服饰旗舰店-天猫Tmall.com

	",http://yimiyangguangfs.tmall.com/,600,一米阳光服饰旗舰店
天猫,"

			首页-JNBY官方旗舰店-天猫Tmall.com

	",http://jnby.tmall.com/,600,JNBY官方旗舰店
天猫,"

			首页-歌莉娅官方旗舰店-天猫Tmall.com

	",http://goelia.tmall.com/,596,歌莉娅官方旗舰店
天猫,"

			2014双十二首页-GYMBOREE官方旗舰店-天猫Tmall.com

	",http://gymboree.tmall.com/,592,GYMBOREE官方旗舰店
天猫,"

			首页-鸿星尔克服饰旗舰店-天猫Tmall.com

	",http://erkefs.tmall.com/,590,鸿星尔克服饰旗舰店
天猫,"

			首页-巧厨食品专营店-天猫Tmall.com

	",http://qiaochushipin.tmall.com/,580,巧厨食品专营店
天猫,"

			首页-totu旗舰店-天猫Tmall.com

	",http://totu.tmall.com/,578,totu旗舰店
天猫,"

			首页-雅诗兰黛官方旗舰店-天猫Tmall.com

	",http://esteelauder.tmall.com/,576,雅诗兰黛官方旗舰店
天猫,"

			首页-鸿星尔克官方旗舰店-天猫Tmall.com

	",http://erke.tmall.com/,574,鸿星尔克官方旗舰店
天猫,"

			首页-好孩子官方旗舰店-天猫Tmall.com

	",http://goodbaby.tmall.com/,574,好孩子官方旗舰店
天猫,"

			sdeer-sdeer旗舰店-天猫Tmall.com

	",http://sdeer.tmall.com/,574,sdeer旗舰店
天猫,"

			首页-相宜本草官方旗舰店-天猫Tmall.com

	",http://xybc.tmall.com/,574,相宜本草官方旗舰店
天猫,"

			首页-良品铺子旗舰店-天猫Tmall.com

	",http://liangpinpuzi.tmall.com/,572,良品铺子旗舰店
天猫,"

			首页-garita旗舰店-天猫Tmall.com

	",http://garita.tmall.com/,571,garita旗舰店
天猫,"

			首页-AEO官方旗舰店-天猫Tmall.com

	",http://aeo.tmall.com/,569,AEO官方旗舰店
天猫,"

			首页-乐高官方旗舰店-天猫Tmall.com

	",http://lego.tmall.com/,567,乐高官方旗舰店
天猫,"

			首页-柏茜旗舰店-天猫Tmall.com

	",http://bosai.tmall.com/,566,柏茜旗舰店
天猫,"

			首页-瑞霏特汽车用品专营店-天猫Tmall.com

	",http://rftqcyp.tmall.com/,563,瑞霏特汽车用品专营店
天猫,"

			首页-bourjois妙巴黎旗舰店-天猫Tmall.com

	",http://bourjois.tmall.com/,562,bourjois妙巴黎旗舰店
天猫,"

			首页-北京乐宠宠物用品专营店-天猫Tmall.com

	",http://bjlccwyp.tmall.com/,561,北京乐宠宠物用品专营店
天猫,"

			首页-华为官方旗舰店-天猫Tmall.com

	",http://huawei.tmall.com/,559,华为官方旗舰店
天猫,"

			LASCANA周年庆-LASCANA官方旗舰店-天猫Tmall.com

	",http://lascana.tmall.com/,555,LASCANA官方旗舰店
天猫,"

			首页-timberland官方旗舰店-天猫Tmall.com

	",http://timberland.tmall.com/,555,timberland官方旗舰店
天猫,"

			首页-crucial旗舰店-天猫Tmall.com

	",http://crucial.tmall.com/,554,crucial旗舰店
天猫,"

			首页-nivea妮维雅官方旗舰店-天猫Tmall.com

	",http://nivea.tmall.com/,554,nivea妮维雅官方旗舰店
天猫,"

			首页-aianbei爱安贝家居旗舰店-天猫Tmall.com

	",http://aianbei.tmall.com/,553,aianbei爱安贝家居旗舰店
天猫,"

			首页-奥康鞋业旗舰店-天猫Tmall.com

	",http://aokang.tmall.com/,552,奥康鞋业旗舰店
天猫,"

			★首页 狂欢继续-欧普照明官方旗舰店-天猫Tmall.com

	",http://opple.tmall.com/,552,欧普照明官方旗舰店
天猫,"

			首页-鞋柜官方旗舰店-天猫Tmall.com

	",http://shoebox.tmall.com/,552,鞋柜官方旗舰店
天猫,"

			首页-纤麦服饰旗舰店-天猫Tmall.com

	",http://qianmai.tmall.com/,550,纤麦服饰旗舰店
天猫,"

			首页-honeys官方旗舰店-天猫Tmall.com

	",http://honeys.tmall.com/,549,honeys官方旗舰店
天猫,"

			首页-珂兰钻石旗舰店-天猫Tmall.com

	",http://kelan.tmall.com/,549,珂兰钻石旗舰店
天猫,"

			首页-clarks官方旗舰店-天猫Tmall.com

	",http://clarks.tmall.com/,547,clarks官方旗舰店
天猫,"

			首页-dickies官方旗舰店-天猫Tmall.com

	",http://dickies.tmall.com/,542,dickies官方旗舰店
天猫,"

			欢乐尽在-酷圣石旗舰店-天猫Tmall.com

	",http://coldstonecreamery.tmall.com/,541,酷圣石旗舰店
天猫,"

			2015年春上新-素缕旗舰店-天猫Tmall.com

	",http://sulv.tmall.com/,535,素缕旗舰店
天猫,"

			首页-anglebay旗舰店-天猫Tmall.com

	",http://anglebay.tmall.com/,533,anglebay旗舰店
天猫,爱淘宝.热卖-阿里妈妈,http://hot.tmall.com/,530,
天猫,"

			DAZZLE官方旗舰店-dazzle官方旗舰店-天猫Tmall.com

	",http://dazzle.tmall.com/,529,dazzle官方旗舰店
天猫,"

			首页-哈根达斯旗舰店-天猫Tmall.com

	",http://haagendazs.tmall.com/,529,哈根达斯旗舰店
天猫,"

			首页-梵希蔓旗舰店-天猫Tmall.com

	",http://vimlylg.tmall.com/,525,梵希蔓旗舰店
天猫,"

			首页-天天果园旗舰店-天猫Tmall.com

	",http://fruitday.tmall.com/,524,天天果园旗舰店
天猫,"

			首页-havaianas旗舰店-天猫Tmall.com

	",http://havaianas.tmall.com/,522,havaianas旗舰店
天猫,"

			首页-花王官方旗舰店-天猫Tmall.com

	",http://kao.tmall.com/,522,花王官方旗舰店
天猫,"

			首页-他她Tata官方旗舰店-天猫Tmall.com

	",http://tata.tmall.com/,522,他她Tata官方旗舰店
天猫,"

			首页-mate旗舰店-天猫Tmall.com

	",http://mate.tmall.com/,519,mate旗舰店
天猫,"

			首页-olay官方旗舰店-天猫Tmall.com

	",http://olay.tmall.com/,519,olay官方旗舰店
天猫,"

			首页-颉鹰五金专营店-天猫Tmall.com

	",http://jieyingwujin.tmall.com/,518,颉鹰五金专营店
天猫,"

			首页-恒泰母婴专营店-天猫Tmall.com

	",http://hengtaimy.tmall.com/,515,恒泰母婴专营店
天猫,服务工作台 - 天猫Tmall.com,http://fuwutai.tmall.com/,511,
天猫,"

			首页-名门新娘服饰旗舰店-天猫Tmall.com

	",http://mingmenxinniang.tmall.com/,510,名门新娘服饰旗舰店
天猫,"

			首页-森宿旗舰店-天猫Tmall.com

	",http://samstree.tmall.com/,510,森宿旗舰店
天猫,"

			首页-gxg1978旗舰店-天猫Tmall.com

	",http://gxg1978.tmall.com/,510,gxg1978旗舰店
天猫,"

			首页-优贝宜旗舰店-天猫Tmall.com

	",http://yobeyi.tmall.com/,510,优贝宜旗舰店
天猫,天猫运动馆-尚天猫，就购了    ,http://yundong.tmall.com/,509,
天猫,"

			首页-海尔官方旗舰店-天猫Tmall.com

	",http://haier.tmall.com/,509,海尔官方旗舰店
天猫,"

			首页-莱尔斯丹官方旗舰店-天猫Tmall.com

	",http://lxdxb.tmall.com/,509,莱尔斯丹官方旗舰店
天猫,天猫运动-尚天猫，就购了    ,http://huwai.tmall.com/,505,
天猫,"

			首页-浪莎官方旗舰店-天猫Tmall.com

	",http://langsha.tmall.com/,502,浪莎官方旗舰店
天猫,"

			美即面膜官方旗舰店-美即官方旗舰店-天猫Tmall.com

	",http://mgbk.tmall.com/,501,美即官方旗舰店
天猫,登录 - 天猫tmall.com ―上天猫，就购了,http://fuwu.tmall.com/,500,
天猫,"

			首页-飞利浦照明官方旗舰店-天猫Tmall.com

	",http://philipszm.tmall.com/,500,飞利浦照明官方旗舰店
天猫,"

			首页-lacoste官方旗舰店-天猫Tmall.com

	",http://lacoste.tmall.com/,498,lacoste官方旗舰店
天猫,"

			首页-优洋家居旗舰店-天猫Tmall.com

	",http://yy.tmall.com/,495,优洋家居旗舰店
天猫,"

			首页-charleskeith箱包旗舰店-天猫Tmall.com

	",http://charleskeithxb.tmall.com/,494,charleskeith箱包旗舰店
天猫,"

			首页-华歌尔官方旗舰店-天猫Tmall.com

	",http://wacoal.tmall.com/,489,华歌尔官方旗舰店
天猫,"

			首页-casio旗舰店-天猫Tmall.com

	",http://casio.tmall.com/,484,casio旗舰店
天猫,"

			首页-波奇网旗舰店-天猫Tmall.com

	",http://gccwyp.tmall.com/,474,波奇网旗舰店
天猫,"

			首页-朵澜旗舰店-天猫Tmall.com

	",http://duolan.tmall.com/,473,朵澜旗舰店
天猫,"

			艺元素旗舰店-艺元素旗舰店-天猫Tmall.com

	",http://levusu.tmall.com/,472,艺元素旗舰店
天猫,"

			首页-marcjanie旗舰店-天猫Tmall.com

	",http://marcjanie.tmall.com/,471,marcjanie旗舰店
天猫,"

			首页-ninewest玖熙旗舰店-天猫Tmall.com

	",http://ninewest.tmall.com/,471,ninewest玖熙旗舰店
天猫,"

			首页-优客之品精品专营店-天猫Tmall.com

	",http://yokezp.tmall.com/,470,优客之品精品专营店
天猫,"

			联想-联想旗舰店-天猫Tmall.com

	",http://lenovo.tmall.com/,466,联想旗舰店
天猫,"

			首页-老板电器旗舰店-天猫Tmall.com

	",http://robam.tmall.com/,464,老板电器旗舰店
天猫,"

			首页-旺脉服饰专营店-天猫Tmall.com

	",http://wangmaifs.tmall.com/,462,旺脉服饰专营店
天猫,"

			首页-巴拉巴拉官方旗舰-天猫Tmall.com

	",http://balabala.tmall.com/,460,巴拉巴拉官方旗舰
天猫,对不起，您访问的页面不存在！,http://delivery.tmall.com/,457,
天猫,"

			首页-ELAND官方旗舰店-天猫Tmall.com

	",http://eland.tmall.com/,456,ELAND官方旗舰店
天猫,"

			不作不青春-膜法世家官方旗舰店-天猫Tmall.com

	",http://mfsj1908.tmall.com/,454,膜法世家官方旗舰店
天猫,"

			首页-润微旗舰店-天猫Tmall.com

	",http://realwill.tmall.com/,454,润微旗舰店
天猫,"

			首页-snidel旗舰店-天猫Tmall.com

	",http://snidel.tmall.com/,453,snidel旗舰店
天猫,"

			首页-staccato旗舰店-天猫Tmall.com

	",http://staccato.tmall.com/,453,staccato旗舰店
天猫,"

			品质健康生活-爱适易旗舰店-天猫Tmall.com

	",http://insinkerator.tmall.com/,452,爱适易旗舰店
天猫,"

			首页-南国衣人旗舰店-天猫Tmall.com

	",http://nanguoyiren.tmall.com/,452,南国衣人旗舰店
天猫,"

			首页-爱慕官方旗舰店-天猫Tmall.com

	",http://aimer.tmall.com/,451,爱慕官方旗舰店
天猫,"

			首页-兰芝官方旗舰店-天猫Tmall.com

	",http://laneige.tmall.com/,451,兰芝官方旗舰店
天猫,"

			首页-新购食品专营店-天猫Tmall.com

	",http://xgsp.tmall.com/,451,新购食品专营店
天猫,"

			首页-御泥坊旗舰店-天猫Tmall.com

	",http://yunifang.tmall.com/,451,御泥坊旗舰店
天猫,"

			首页-clinique倩碧官方旗舰店-天猫Tmall.com

	",http://clinique.tmall.com/,449,clinique倩碧官方旗舰店
天猫,"

			首页-酒仙网官方旗舰店-天猫Tmall.com

	",http://jiuxian.tmall.com/,448,酒仙网官方旗舰店
天猫,"

			lee首页-lee官方旗舰店-天猫Tmall.com

	",http://lee.tmall.com/,448,lee官方旗舰店
天猫,"

			首页-安莉芳官方旗舰店-天猫Tmall.com

	",http://embryform.tmall.com/,446,安莉芳官方旗舰店
天猫,"

			首页-曼橙食品专营店-天猫Tmall.com

	",http://manchengsp.tmall.com/,446,曼橙食品专营店
天猫,"

			首页-牛尔官方旗舰店-天猫Tmall.com

	",http://niuer.tmall.com/,444,牛尔官方旗舰店
天猫,"

			首页-speedo官方旗舰店-天猫Tmall.com

	",http://speedo.tmall.com/,443,speedo官方旗舰店
天猫,"

			首页-sllsky服饰旗舰店-天猫Tmall.com

	",http://sllsky.tmall.com/,442,sllsky服饰旗舰店
天猫,"

			首页-慕诺办公专营店-天猫Tmall.com

	",http://mnbg.tmall.com/,441,慕诺办公专营店
天猫,"

			首页-春秋旅游旗舰店-天猫Tmall.com

	",http://china-sss.tmall.com/,439,春秋旅游旗舰店
天猫,"

			首页-尚都比拉服饰旗舰店-天猫Tmall.com

	",http://sentubila.tmall.com/,439,尚都比拉服饰旗舰店
天猫,"

			首页-thunderobot旗舰店-天猫Tmall.com

	",http://thunderobot.tmall.com/,436,thunderobot旗舰店
天猫,"

			首页-msshe旗舰店-天猫Tmall.com

	",http://msshe.tmall.com/,434,msshe旗舰店
天猫,"

			首页-探路者官方旗舰店-天猫Tmall.com

	",http://toread.tmall.com/,434,探路者官方旗舰店
天猫,天猫汽车频道-尚天猫，就购了    ,http://car.tmall.com/,433,
天猫,"

			首页-纤莉秀旗舰店-天猫Tmall.com

	",http://qianlixiulm.tmall.com/,432,纤莉秀旗舰店
天猫,"

			首页-哈森官方旗舰店-天猫Tmall.com

	",http://harson.tmall.com/,431,哈森官方旗舰店
天猫,新版天猫书城-尚天猫，就购了    ,http://book.tmall.com/,430,
天猫,"

			首页-云的涟漪旗舰店-天猫Tmall.com

	",http://yundelianyi.tmall.com/,429,云的涟漪旗舰店
天猫,"

			首页-哈鼎五金专营店-天猫Tmall.com

	",http://hadingwj.tmall.com/,426,哈鼎五金专营店
天猫,"

			新农哥 -后惠无期-新农哥旗舰店-天猫Tmall.com

	",http://nongge.tmall.com/,426,后惠无期-新农哥旗舰店
天猫,"

			首页-SK-II官方旗舰店-天猫Tmall.com

	",http://skii.tmall.com/,425,SK-II官方旗舰店
天猫,"

			首页-The Face Shop化妆品官方旗舰店-天猫Tmall.com

	",http://thefaceshop.tmall.com/,419,The Face Shop化妆品官方旗舰店
天猫,"

			首页-yiner官方旗舰店-天猫Tmall.com

	",http://yiner.tmall.com/,419,yiner官方旗舰店
天猫,"

			首页-伊米妮旗舰店-天猫Tmall.com

	",http://emini.tmall.com/,418,伊米妮旗舰店
天猫,"

			首页-上海中国青年旅行社-天猫Tmall.com

	",http://shzgqnlxs.tmall.com/,418,上海中国青年旅行社
天猫,"

			松下双十二预售-松下建材旗舰店-天猫Tmall.com

	",http://panasonicdg.tmall.com/,417,松下建材旗舰店
天猫,"

			首页-华源大药房旗舰店-天猫Tmall.com

	",http://huayuan.tmall.com/,415,华源大药房旗舰店
天猫,Ç×£¬·ÃÎÊÊÜÏÞÁË,http://yifutang.tmall.com/,415,
天猫,Ç×£¬·ÃÎÊÊÜÏÞÁË,http://wrckq.tmall.com/,414,
天猫,Ç×£¬·ÃÎÊÊÜÏÞÁË,http://feixiu.tmall.com/,413,
天猫,Ç×£¬·ÃÎÊÊÜÏÞÁË,http://yipintiancheng.tmall.com/,410,
天猫,Ç×£¬·ÃÎÊÊÜÏÞÁË,http://baileys.tmall.com/,408,
天猫,Ç×£¬·ÃÎÊÊÜÏÞÁË,http://bershka.tmall.com/,408,
天猫,Ç×£¬·ÃÎÊÊÜÏÞÁË,http://youmiou.tmall.com/,407,
天猫,Ç×£¬·ÃÎÊÊÜÏÞÁË,http://shequ.tmall.com/,406,
天猫,Ç×£¬·ÃÎÊÊÜÏÞÁË,http://naivee.tmall.com/,402,
天猫,Ç×£¬·ÃÎÊÊÜÏÞÁË,http://adadiaobxiaodiao.tmall.com/,400,
天猫,Ç×£¬·ÃÎÊÊÜÏÞÁË,http://asics.tmall.com/,399,
天猫,Ç×£¬·ÃÎÊÊÜÏÞÁË,http://dangdang.tmall.com/,398,
天猫,,http://ailiti.tmall.com/,396,
天猫,Ç×£¬·ÃÎÊÊÜÏÞÁË,http://artmi.tmall.com/,396,
天猫,Ç×£¬·ÃÎÊÊÜÏÞÁË,http://herborist.tmall.com/,396,
天猫,Ç×£¬·ÃÎÊÊÜÏÞÁË,http://amovo.tmall.com/,395,
天猫,Ç×£¬·ÃÎÊÊÜÏÞÁË,http://fanjeis.tmall.com/,392,
天猫,Ç×£¬·ÃÎÊÊÜÏÞÁË,http://yearcon.tmall.com/,390,
天猫,Ç×£¬·ÃÎÊÊÜÏÞÁË,http://kukahome.tmall.com/,389,
天猫,Ç×£¬·ÃÎÊÊÜÏÞÁË,http://nwkcwyp.tmall.com/,389,
天猫,Ç×£¬·ÃÎÊÊÜÏÞÁË,http://pechoin.tmall.com/,387,
天猫,,http://cloud.tmall.com/,387,
天猫,Ç×£¬·ÃÎÊÊÜÏÞÁË,http://jm.tmall.com/,386,
天猫,Ç×£¬·ÃÎÊÊÜÏÞÁË,http://jcoolstory.tmall.com/,384,
天猫,Ç×£¬·ÃÎÊÊÜÏÞÁË,http://kisscat.tmall.com/,384,
天猫,Ç×£¬·ÃÎÊÊÜÏÞÁË,http://quanyuankang.tmall.com/,383,
天猫,Ç×£¬·ÃÎÊÊÜÏÞÁË,http://luckyunion.tmall.com/,381,
天猫,Ç×£¬·ÃÎÊÊÜÏÞÁË,http://gnc.tmall.com/,380,
天猫,,http://zmchzp.tmall.com/,380,
天猫,天猫 - 上天猫，就够了,http://mizuno.tmall.com/,378,
天猫,天猫 - 上天猫，就够了,http://romon.tmall.com/,378,
天猫,天猫 - 上天猫，就够了,http://teenmix.tmall.com/,378,
天猫,天猫 - 上天猫，就够了,http://shanghaizhixingfeixingwang.tmall.com/,372,
天猫,天猫 - 上天猫，就够了,http://daishumama.tmall.com/,369,
天猫,天猫 - 上天猫，就够了,http://snoopy.tmall.com/,369,
天猫,天猫 - 上天猫，就够了,http://ltnx.tmall.com/,366,
天猫,天猫 - 上天猫，就够了,http://purcotton.tmall.com/,365,
天猫,天猫 - 上天猫，就够了,http://nengliangsm.tmall.com/,364,
天猫,天猫 - 上天猫，就够了,http://littledreamgarden.tmall.com/,362,
天猫,天猫 - 上天猫，就够了,http://bxdyf.tmall.com/,362,
天猫,天猫 - 上天猫，就够了,http://reddragonfly.tmall.com/,362,
天猫,天猫 - 上天猫，就够了,http://paulfrank.tmall.com/,358,
天猫,天猫 - 上天猫，就够了,http://schwarzkopf.tmall.com/,358,
天猫,天猫 - 上天猫，就够了,http://holidaylady.tmall.com/,357,
天猫,天猫 - 上天猫，就够了,http://toyota.tmall.com/,356,
天猫,天猫 - 上天猫，就够了,http://broadcast.tmall.com/,355,
天猫,天猫 - 上天猫，就够了,http://skechers.tmall.com/,355,
天猫,天猫 - 上天猫，就够了,http://benro.tmall.com/,354,
天猫,天猫 - 上天猫，就够了,http://anta.tmall.com/,352,
天猫,天猫 - 上天猫，就够了,http://stonebridd.tmall.com/,352,
天猫,天猫 - 上天猫，就够了,http://sharp.tmall.com/,351,
天猫,天猫 - 上天猫，就够了,http://trendiano.tmall.com/,351,
天猫,天猫 - 上天猫，就够了,http://xiaotao.tmall.com/,349,
天猫,天猫 - 上天猫，就够了,http://mbaobao.tmall.com/,348,
天猫,天猫 - 上天猫，就够了,http://t400.tmall.com/,348,
天猫,天猫 - 上天猫，就够了,http://roem.tmall.com/,346,
天猫,天猫 - 上天猫，就够了,http://mbox.tmall.com/,345,
天猫,天猫 - 上天猫，就够了,http://haoduoyifs.tmall.com/,344,
天猫,天猫 - 上天猫，就够了,http://fisher-price.tmall.com/,343,
天猫,天猫 - 上天猫，就够了,http://maxfactor.tmall.com/,343,
天猫,天猫 - 上天猫，就够了,http://joeone.tmall.com/,341,
天猫,天猫 - 上天猫，就够了,http://kelinshangpin.tmall.com/,341,
天猫,天猫 - 上天猫，就够了,http://meibanfushi.tmall.com/,340,
天猫,天猫 - 上天猫，就够了,http://godiva.tmall.com/,337,
天猫,天猫 - 上天猫，就够了,http://onitsukatiger.tmall.com/,337,
天猫,天猫 - 上天猫，就够了,http://puma.tmall.com/,336,
天猫,天猫 - 上天猫，就够了,http://aozzo.tmall.com/,333,
天猫,天猫 - 上天猫，就够了,http://luobingjiaju.tmall.com/,333,
天猫,天猫 - 上天猫，就够了,http://lesenphants.tmall.com/,332,
天猫,天猫 - 上天猫，就够了,http://triumph.tmall.com/,332,
天猫,"

			首页-多乐士官方旗舰店-天猫Tmall.com

	",http://dulux.tmall.com/,331,多乐士官方旗舰店
天猫,天猫 - 上天猫，就够了,http://chjjewellery.tmall.com/,331,
天猫,天猫 - 上天猫，就够了,http://opt.tmall.com/,331,
天猫,天猫 - 上天猫，就够了,http://happytee.tmall.com/,330,
天猫,天猫 - 上天猫，就够了,http://yfhzp.tmall.com/,330,
天猫,天猫 - 上天猫，就够了,http://braun.tmall.com/,328,
天猫,天猫 - 上天猫，就够了,http://ecowaterhx.tmall.com/,328,
天猫,天猫 - 上天猫，就够了,http://lilbetter.tmall.com/,328,
天猫,天猫 - 上天猫，就够了,http://lonyuash.tmall.com/,328,
天猫,天猫 - 上天猫，就够了,http://camelnz.tmall.com/,327,
天猫,天猫 - 上天猫，就够了,http://ruiquejj.tmall.com/,327,
天猫,天猫 - 上天猫，就够了,http://shkkqcyp.tmall.com/,327,
天猫,天猫 - 上天猫，就够了,http://bokuts.tmall.com/,326,
天猫,天猫 - 上天猫，就够了,http://zwtushu.tmall.com/,326,
天猫,天猫 - 上天猫，就够了,http://kanebo.tmall.com/,325,
天猫,天猫 - 上天猫，就够了,http://slumberlandhx.tmall.com/,325,
天猫,天猫 - 上天猫，就够了,http://elle.tmall.com/,324,
天猫,天猫 - 上天猫，就够了,http://sony.tmall.com/,323,
天猫,天猫 - 上天猫，就够了,http://btmdshfw.tmall.com/,320,
天猫,天猫 - 上天猫，就够了,http://viishow.tmall.com/,320,
天猫,天猫 - 上天猫，就够了,http://bandai.tmall.com/,319,
天猫,天猫 - 上天猫，就够了,http://etudehouse.tmall.com/,317,
天猫,天猫 - 上天猫，就够了,http://ibelieveyou.tmall.com/,317,
天猫,天猫 - 上天猫，就够了,http://arnoldpalmerjf.tmall.com/,316,
天猫,天猫 - 上天猫，就够了,http://mltsm.tmall.com/,316,
天猫,天猫 - 上天猫，就够了,http://rayban.tmall.com/,315,
天猫,天猫 - 上天猫，就够了,http://hardlyeversga.tmall.com/,313,
天猫,天猫 - 上天猫，就够了,http://huayin.tmall.com/,313,
天猫,天猫 - 上天猫，就够了,http://legrandjiaju.tmall.com/,313,
天猫,天猫 - 上天猫，就够了,http://sulive.tmall.com/,313,
天猫,天猫 - 上天猫，就够了,http://kingston.tmall.com/,311,
天猫,天猫 - 上天猫，就够了,http://anxinfloors.tmall.com/,309,
天猫,天猫 - 上天猫，就够了,http://lovo.tmall.com/,309,
天猫,天猫 - 上天猫，就够了,http://luxleadzh.tmall.com/,309,
天猫,天猫 - 上天猫，就够了,http://momandbab.tmall.com/,309,
天猫,天猫 - 上天猫，就够了,http://soneed.tmall.com/,309,
天猫,天猫 - 上天猫，就够了,http://a21fs.tmall.com/,308,
天猫,天猫 - 上天猫，就够了,http://yihaodian.tmall.com/,308,
天猫,天猫 - 上天猫，就够了,http://thetransformers.tmall.com/,307,
天猫,天猫 - 上天猫，就够了,http://davebella.tmall.com/,307,
天猫,天猫 - 上天猫，就够了,http://urfs.tmall.com/,307,
天猫,天猫 - 上天猫，就够了,http://yujiayipin.tmall.com/,307,
天猫,天猫 - 上天猫，就够了,http://chevrolet.tmall.com/,306,
天猫,天猫 - 上天猫，就够了,http://daimi.tmall.com/,306,
天猫,天猫 - 上天猫，就够了,http://renben.tmall.com/,306,
天猫,天猫 - 上天猫，就够了,http://hitorat.tmall.com/,305,
天猫,天猫 - 上天猫，就够了,http://361du.tmall.com/,304,
天猫,天猫 - 上天猫，就够了,http://dohia.tmall.com/,304,
天猫,天猫 - 上天猫，就够了,http://enzorodi.tmall.com/,304,
天猫,天猫 - 上天猫，就够了,http://sedate.tmall.com/,304,
天猫,天猫 - 上天猫，就够了,http://yunfei.tmall.com/,304,
天猫,天猫 - 上天猫，就够了,http://inmix.tmall.com/,303,
天猫,天猫 - 上天猫，就够了,http://handuyisheoutlet.tmall.com/,302,
天猫,天猫 - 上天猫，就够了,http://greatwall.tmall.com/,302,
天猫,天猫 - 上天猫，就够了,http://ningcaiyuer.tmall.com/,302,
天猫,天猫 - 上天猫，就够了,http://robamty.tmall.com/,301,
天猫,天猫 - 上天猫，就够了,http://sneakerhead.tmall.com/,300,
天猫,天猫 - 上天猫，就够了,http://tianwang.tmall.com/,300,
天猫,天猫 - 上天猫，就够了,http://baseusmg.tmall.com/,299,
天猫,天猫 - 上天猫，就够了,http://chando.tmall.com/,299,
天猫,天猫 - 上天猫，就够了,http://gushenbaojianpin.tmall.com/,298,
天猫,天猫 - 上天猫，就够了,http://earthmusic.tmall.com/,298,
天猫,天猫 - 上天猫，就够了,http://shanlinshipin.tmall.com/,298,
天猫,天猫 - 上天猫，就够了,http://deamay.tmall.com/,296,
天猫,天猫 - 上天猫，就够了,http://hongxuanjj.tmall.com/,296,
天猫,天猫 - 上天猫，就够了,http://jnj-healthcare-brand.tmall.com/,295,
天猫,天猫 - 上天猫，就够了,http://xiaogouds.tmall.com/,294,
天猫,天猫 - 上天猫，就够了,http://bolonyr.tmall.com/,293,
天猫,天猫 - 上天猫，就够了,http://yeehooformybaby.tmall.com/,292,
天猫,天猫 - 上天猫，就够了,http://cityliferx.tmall.com/,292,
天猫,天猫 - 上天猫，就够了,http://zimmur.tmall.com/,292,
天猫,天猫 - 上天猫，就够了,http://marisfrolg.tmall.com/,291,
天猫,天猫 - 上天猫，就够了,http://misu.tmall.com/,291,
天猫,天猫 - 上天猫，就够了,http://dalingxinchao.tmall.com/,290,
天猫,天猫 - 上天猫，就够了,http://seasonwind.tmall.com/,290,
天猫,天猫 - 上天猫，就够了,http://aodao.tmall.com/,289,
天猫,天猫 - 上天猫，就够了,http://geely.tmall.com/,289,
天猫,天猫 - 上天猫，就够了,http://pouillylegende.tmall.com/,288,
天猫,天猫 - 上天猫，就够了,http://aeexl.tmall.com/,288,
天猫,天猫 - 上天猫，就够了,http://balneaire.tmall.com/,288,
天猫,天猫 - 上天猫，就够了,http://samsung.tmall.com/,288,
天猫,天猫 - 上天猫，就够了,http://shenghuozaizuo.tmall.com/,286,
天猫,天猫 - 上天猫，就够了,http://hycwyp.tmall.com/,284,
天猫,天猫 - 上天猫，就够了,http://piyopiyo.tmall.com/,284,
天猫,天猫 - 上天猫，就够了,http://reebok.tmall.com/,284,
天猫,天猫 - 上天猫，就够了,http://yifeism.tmall.com/,284,
天猫,天猫 - 上天猫，就够了,http://cmzx.tmall.com/,283,
天猫,天猫 - 上天猫，就够了,http://lianhelihua.tmall.com/,283,
天猫,天猫 - 上天猫，就够了,http://giant.tmall.com/,282,
天猫,天猫 - 上天猫，就够了,http://guangdiansm.tmall.com/,280,
天猫,天猫 - 上天猫，就够了,http://suozaifs.tmall.com/,279,
天猫,【聚划算】无所不能聚,http://ju.tmall.com/,278,
天猫,天猫 - 上天猫，就够了,http://sdeerconcept.tmall.com/,277,
天猫,天猫 - 上天猫，就够了,http://clarins.tmall.com/,276,
天猫,天猫 - 上天猫，就够了,http://harborhouse.tmall.com/,276,
天猫,天猫 - 上天猫，就够了,http://kuose.tmall.com/,275,
天猫,天猫 - 上天猫，就够了,http://aishangxianhua.tmall.com/,273,
天猫,天猫 - 上天猫，就够了,http://eptisonfs.tmall.com/,272,
天猫,天猫 - 上天猫，就够了,http://kohler.tmall.com/,270,
天猫,天猫 - 上天猫，就够了,http://peachjohn.tmall.com/,270,
天猫,天猫 - 上天猫，就够了,http://valenbiek.tmall.com/,270,
天猫,天猫 - 上天猫，就够了,http://whbgyp.tmall.com/,270,
天猫,天猫 - 上天猫，就够了,http://hjclass.tmall.com/,269,
天猫,天猫 - 上天猫，就够了,http://mofatiankong.tmall.com/,269,
天猫,天猫 - 上天猫，就够了,http://nollmet.tmall.com/,269,
天猫,天猫 - 上天猫，就够了,http://jinsanta.tmall.com/,268,
天猫,天猫 - 上天猫，就够了,http://liangsanshi.tmall.com/,268,
天猫,天猫 - 上天猫，就够了,http://renesmee.tmall.com/,268,
天猫,天猫 - 上天猫，就够了,http://wenger.tmall.com/,268,
天猫,天猫 - 上天猫，就够了,http://duomaixiongdi.tmall.com/,267,
天猫,天猫 - 上天猫，就够了,http://boshiwa.tmall.com/,266,
天猫,天猫 - 上天猫，就够了,http://delfino.tmall.com/,266,
天猫,天猫 - 上天猫，就够了,http://peugeot.tmall.com/,266,
天猫,天猫 - 上天猫，就够了,http://prlife.tmall.com/,266,
天猫,天猫 - 上天猫，就够了,http://fenghuangse.tmall.com/,265,
天猫,天猫 - 上天猫，就够了,http://cbanner.tmall.com/,264,
天猫,天猫 - 上天猫，就够了,http://komanic.tmall.com/,264,
天猫,天猫 - 上天猫，就够了,http://seifini.tmall.com/,264,
天猫,天猫 - 上天猫，就够了,http://shiyuemami.tmall.com/,264,
天猫,天猫 - 上天猫，就够了,http://americanstandard.tmall.com/,263,
天猫,天猫 - 上天猫，就够了,http://annil.tmall.com/,263,
天猫,天猫 - 上天猫，就够了,http://quehou.tmall.com/,263,
天猫,天猫 - 上天猫，就够了,http://prich.tmall.com/,261,
天猫,网上营业厅-天猫Tmall.com-上天猫，就购了,http://wt.tmall.com/,258,
天猫,天猫 - 上天猫，就够了,http://dove.tmall.com/,258,
天猫,天猫 - 上天猫，就够了,http://guipai.tmall.com/,257,
天猫,天猫 - 上天猫，就够了,http://lhsp.tmall.com/,256,
天猫,天猫 - 上天猫，就够了,http://mmuses.tmall.com/,256,
天猫,天猫 - 上天猫，就够了,http://shes.tmall.com/,256,
天猫,天猫 - 上天猫，就够了,http://yanyu.tmall.com/,256,
天猫,天猫 - 上天猫，就够了,http://easyspirit.tmall.com/,255,
天猫,天猫 - 上天猫，就够了,http://qipai.tmall.com/,255,
天猫,天猫 - 上天猫，就够了,http://xiangying.tmall.com/,255,
天猫,天猫 - 上天猫，就够了,http://amii.tmall.com/,254,
天猫,天猫 - 上天猫，就够了,http://ciji.tmall.com/,254,
天猫,天猫 - 上天猫，就够了,http://qinrun.tmall.com/,253,
天猫,天猫 - 上天猫，就够了,http://deesha.tmall.com/,252,
天猫,天猫 - 上天猫，就够了,http://enogreeting.tmall.com/,252,
天猫,天猫 - 上天猫，就够了,http://oece.tmall.com/,252,
天猫,天猫 - 上天猫，就够了,http://tanmujiang.tmall.com/,252,
天猫,天猫 - 上天猫，就够了,http://yipinfs.tmall.com/,252,
天猫,天猫 - 上天猫，就够了,http://yongtaihw.tmall.com/,252,
天猫,天猫 - 上天猫，就够了,http://zuokayi.tmall.com/,252,
天猫,天猫 - 上天猫，就够了,http://metlife.tmall.com/,251,
天猫,天猫 - 上天猫，就够了,http://mothercare.tmall.com/,251,
天猫,天猫 - 上天猫，就够了,http://jinyiny.tmall.com/,250,
天猫,天猫 - 上天猫，就够了,http://u1club.tmall.com/,250,
天猫,天猫 - 上天猫，就够了,http://hipanda.tmall.com/,249,
天猫,天猫 - 上天猫，就够了,http://guess.tmall.com/,248,
天猫,天猫 - 上天猫，就够了,http://camelsports.tmall.com/,247,
天猫,天猫 - 上天猫，就够了,http://hasbro.tmall.com/,247,
天猫,天猫 - 上天猫，就够了,http://kboxing.tmall.com/,247,
天猫,天猫 - 上天猫，就够了,http://lukfook.tmall.com/,247,
天猫,天猫 - 上天猫，就够了,http://sqcyc.tmall.com/,247,
天猫,天猫 - 上天猫，就够了,http://insun.tmall.com/,246,
天猫,天猫 - 上天猫，就够了,http://jackwolfskinbz.tmall.com/,245,
天猫,天猫 - 上天猫，就够了,http://baicaobaili.tmall.com/,245,
天猫,天猫 - 上天猫，就够了,http://cammy.tmall.com/,245,
天猫,天猫 - 上天猫，就够了,http://ecco.tmall.com/,245,
天猫,天猫 - 上天猫，就够了,http://ghac.tmall.com/,244,
天猫,天猫 - 上天猫，就够了,http://inxx.tmall.com/,244,
天猫,天猫 - 上天猫，就够了,http://nautica.tmall.com/,244,
天猫,天猫 - 上天猫，就够了,http://deli.tmall.com/,243,
天猫,天猫 - 上天猫，就够了,http://qilekang.tmall.com/,243,
天猫,天猫 - 上天猫，就够了,http://jiefuren.tmall.com/,242,
天猫,天猫 - 上天猫，就够了,http://95549.tmall.com/,241,
天猫,天猫 - 上天猫，就够了,http://mentholatum.tmall.com/,240,
天猫,天猫 - 上天猫，就够了,http://schneiderelectric.tmall.com/,237,
天猫,天猫 - 上天猫，就够了,http://hbe.tmall.com/,237,
天猫,天猫 - 上天猫，就够了,http://stevemadden.tmall.com/,237,
天猫,天猫 - 上天猫，就够了,http://xiaochongfs.tmall.com/,237,
天猫,天猫 - 上天猫，就够了,http://evestemptation.tmall.com/,236,
天猫,天猫 - 上天猫，就够了,http://ibelieve.tmall.com/,236,
天猫,天猫 - 上天猫，就够了,http://mkwq.tmall.com/,236,
天猫,天猫 - 上天猫，就够了,http://a02.tmall.com/,233,
天猫,天猫 - 上天猫，就够了,http://dzfts.tmall.com/,232,
天猫,天猫 - 上天猫，就够了,http://ellekids.tmall.com/,232,
天猫,天猫 - 上天猫，就够了,http://mefound.tmall.com/,232,
天猫,天猫 - 上天猫，就够了,http://zhangxiaohe.tmall.com/,232,
天猫,天猫 - 上天猫，就够了,http://ziranzhibao.tmall.com/,232,
天猫,天猫 - 上天猫，就够了,http://tongtai.tmall.com/,231,
天猫,天猫 - 上天猫，就够了,http://jiaobei.tmall.com/,230,
天猫,"

			首页-嘉定大药房旗舰店-天猫Tmall.com

	",http://jiading.tmall.com/,229,嘉定大药房旗舰店
天猫,天猫 - 上天猫，就够了,http://foton.tmall.com/,229,
天猫,"

			双12主会场-米莱旗舰店-天猫Tmall.com

	",http://milai.tmall.com/,226,米莱旗舰店
天猫,"

			首页-铭佳童话旗舰店-天猫Tmall.com

	",http://mingjiatonghua.tmall.com/,226,铭佳童话旗舰店
天猫,天猫 - 上天猫，就够了,http://ein.tmall.com/,226,
天猫,天猫 - 上天猫，就够了,http://forever.tmall.com/,226,
天猫,天猫 - 上天猫，就够了,http://tosot.tmall.com/,226,
天猫,天猫 - 上天猫，就够了,http://ayilian.tmall.com/,225,
天猫,天猫 - 上天猫，就够了,http://hopeshow.tmall.com/,225,
天猫,天猫 - 上天猫，就够了,http://kans.tmall.com/,225,
天猫,天猫 - 上天猫，就够了,http://xicunmingwu.tmall.com/,225,
天猫,天猫 - 上天猫，就够了,http://blypw.tmall.com/,224,
天猫,天猫 - 上天猫，就够了,http://yidali.tmall.com/,224,
天猫,天猫 - 上天猫，就够了,http://kisskitty.tmall.com/,223,
天猫,天猫 - 上天猫，就够了,http://mosace.tmall.com/,223,
天猫,天猫 - 上天猫，就够了,http://soueast-motor.tmall.com/,223,
天猫,天猫 - 上天猫，就够了,http://zippo.tmall.com/,223,
天猫,"

			首页-cicishop旗舰店-天猫Tmall.com

	",http://cicishop.tmall.com/,222,cicishop旗舰店
天猫,"

			首页-gracegift旗舰店-天猫Tmall.com

	",http://gracegift.tmall.com/,222,gracegift旗舰店
天猫,"

			首页-九阳官方旗舰店-天猫Tmall.com

	",http://joyoungtp.tmall.com/,222,九阳官方旗舰店
天猫,天猫 - 上天猫，就够了,http://yqmy.tmall.com/,222,
天猫,"

			首页-pptown旗舰店-天猫Tmall.com

	",http://pptown.tmall.com/,221,pptown旗舰店
天猫,"

			首页-业道汽车用品专营店-天猫Tmall.com

	",http://yedaoqcyp.tmall.com/,220,业道汽车用品专营店
天猫,"

			新首页-诗篇官方旗舰店-天猫Tmall.com

	",http://psalter.tmall.com/,219,诗篇官方旗舰店
天猫,"

			首页-zzcc旗舰店-天猫Tmall.com

	",http://zzcc.tmall.com/,219,zzcc旗舰店
天猫,"

			首页-猫诚食品专营店-天猫Tmall.com

	",http://maochengsp.tmall.com/,218,猫诚食品专营店
天猫,"

			首页-米玛母婴专营店-天猫Tmall.com

	",http://mimamy.tmall.com/,218,米玛母婴专营店
天猫,"

			首页-十二篮旗舰店-天猫Tmall.com

	",http://twelveskeps.tmall.com/,218,十二篮旗舰店
天猫,"

			首页-wvfv旗舰店-天猫Tmall.com

	",http://wvfv.tmall.com/,218,wvfv旗舰店
天猫,"

			双12狂欢-长安汽车官方旗舰店-天猫Tmall.com

	",http://changan.tmall.com/,218,长安汽车官方旗舰店
天猫,"

			首页-悠佳家居旗舰店-天猫Tmall.com

	",http://yjjjry.tmall.com/,217,悠佳家居旗舰店
天猫,"

			玖姿2014首页-玖姿官方旗舰店-天猫Tmall.com

	",http://juzuiaz.tmall.com/,216,玖姿官方旗舰店
天猫,"

			首页-乐卡克官方旗舰店-天猫Tmall.com

	",http://lecoqsportif.tmall.com/,216,乐卡克官方旗舰店
天猫,"

			首页-magicpuzzle童装旗舰店-天猫Tmall.com

	",http://magicpuzzletz.tmall.com/,216,magicpuzzle童装旗舰店
天猫,"

			12.3拼团-摩恩官方旗舰店-天猫Tmall.com

	",http://moen.tmall.com/,216,摩恩官方旗舰店
天猫,"

			首页-雷蛇官方旗舰店-天猫Tmall.com

	",http://razer.tmall.com/,215,雷蛇官方旗舰店
天猫,"

			首页-pinli旗舰店-天猫Tmall.com

	",http://pinli.tmall.com/,214,pinli旗舰店
天猫,"

			首页-prase旗舰店-天猫Tmall.com

	",http://prase.tmall.com/,214,prase旗舰店
天猫,"

			首页-夏艳旗舰店-天猫Tmall.com

	",http://shinysun.tmall.com/,214,夏艳旗舰店
天猫,"

			首页-小也官方旗舰店-天猫Tmall.com

	",http://xiaoye.tmall.com/,214,小也官方旗舰店
天猫,"

			首页-gclieren旗舰店-天猫Tmall.com

	",http://gclieren.tmall.com/,214,gclieren旗舰店
天猫,"

			首页-twinkids童装旗舰店-天猫Tmall.com

	",http://twinkids.tmall.com/,213,twinkids童装旗舰店
天猫,"

			首页-正瀚图书专营店-天猫Tmall.com

	",http://zhenghants.tmall.com/,212,正瀚图书专营店
天猫,"

			首页-宝诚旗舰店-天猫Tmall.com

	",http://baocheng.tmall.com/,212,宝诚旗舰店
天猫,"

			首页-宠宜宠物用品专营店-天猫Tmall.com

	",http://chongyicwyp.tmall.com/,211,宠宜宠物用品专营店
天猫,"

			店铺浏览-淘宝网

		",http://deruiheng.tmall.com/,211,
天猫,"

			首页-米奇丁当旗舰店-天猫Tmall.com

	",http://miqidida.tmall.com/,210,米奇丁当旗舰店
天猫,"

			首页-古吉旗舰店-天猫Tmall.com

	",http://guji.tmall.com/,210,古吉旗舰店
天猫,"

			首页-九牧官方旗舰店-天猫Tmall.com

	",http://jomoo.tmall.com/,210,九牧官方旗舰店
天猫,"

			首页-贝亲官方旗舰店-天猫Tmall.com

	",http://pigeon.tmall.com/,209,贝亲官方旗舰店
天猫,"

			首页-回力官方旗舰店-天猫Tmall.com

	",http://warrior.tmall.com/,209,回力官方旗舰店
天猫,"

			首页-元盛旗舰店-天猫Tmall.com

	",http://yuansheng.tmall.com/,209,元盛旗舰店
天猫,"

			首页-asus华硕官方旗舰店-天猫Tmall.com

	",http://asusbjb.tmall.com/,209,asus华硕官方旗舰店
天猫,"

			首页-bomovo旗舰店-天猫Tmall.com

	",http://bomovo.tmall.com/,209,bomovo旗舰店
天猫,"

			首页-漫踪旗舰店-天猫Tmall.com

	",http://manzong.tmall.com/,208,漫踪旗舰店
天猫,"

			新安怡首页-飞利浦新安怡旗舰店-天猫Tmall.com

	",http://philipsavent.tmall.com/,208,飞利浦新安怡旗舰店
天猫,"

			首页-千纸鹤旗舰店-天猫Tmall.com

	",http://qianzhihe.tmall.com/,208,千纸鹤旗舰店
天猫,"

			三际首页-三际数码官方旗舰店-天猫Tmall.com

	",http://sjsm.tmall.com/,208,三际数码官方旗舰店
天猫,"

			首页-伯思凯旗舰店-天猫Tmall.com

	",http://bosikai.tmall.com/,208,伯思凯旗舰店
天猫,"

			首页-geox健乐士官方旗舰店-天猫Tmall.com

	",http://geox.tmall.com/,208,geox健乐士官方旗舰店
天猫,"

			首页-花酿旗舰店-天猫Tmall.com

	",http://huaniang.tmall.com/,208,花酿旗舰店
天猫,"

			首页-途虎汽车配件旗舰店-天猫Tmall.com

	",http://tuhucn.tmall.com/,207,途虎汽车配件旗舰店
天猫,"

			首页-新爵办公专营店-天猫Tmall.com

	",http://xjbg.tmall.com/,207,新爵办公专营店
天猫,"

			首页-老庙官方旗舰店-天猫Tmall.com

	",http://laomiao.tmall.com/,206,老庙官方旗舰店
天猫,"

			首页-飞利浦新起点专卖店-天猫Tmall.com

	",http://philipsxqd.tmall.com/,206,飞利浦新起点专卖店
天猫,"

			首页-绮娑女装旗舰店-天猫Tmall.com

	",http://chiosal.tmall.com/,206,绮娑女装旗舰店
天猫,"

			首页-麦子熟了旗舰店-天猫Tmall.com

	",http://maizishule.tmall.com/,205,麦子熟了旗舰店
天猫,"

			首页-qiubi服饰旗舰店-天猫Tmall.com

	",http://qiubifs.tmall.com/,205,qiubi服饰旗舰店
天猫,"

			首页-skap旗舰店-天猫Tmall.com

	",http://skap.tmall.com/,205,skap旗舰店
天猫,"

			首页-TOTO官方旗舰店-天猫Tmall.com

	",http://toto.tmall.com/,205,TOTO官方旗舰店
天猫,"

			首页-优纳斯母婴专营店-天猫Tmall.com

	",http://younasimy.tmall.com/,205,优纳斯母婴专营店
天猫,"

			首页-十月传奇安书童店-天猫Tmall.com

	",http://octlegendast.tmall.com/,204,十月传奇安书童店
天猫,"

			首页-心爱官方旗舰店-天猫Tmall.com

	",http://shinelove.tmall.com/,204,心爱官方旗舰店
天猫,"

			感恩节-华帝热水器旗舰店-天猫Tmall.com

	",http://vattihot.tmall.com/,204,华帝热水器旗舰店
天猫,"

			首页-震曦车品专营店-天猫Tmall.com

	",http://zhenxicp.tmall.com/,204,震曦车品专营店
天猫,"

			首页-盛百隆泳衣专营店-天猫Tmall.com

	",http://sblyy.tmall.com/,203,盛百隆泳衣专营店
天猫,"

			首页-卡伊莲家具旗舰店-天猫Tmall.com

	",http://kayilian.tmall.com/,202,卡伊莲家具旗舰店
天猫,"

			首页-露得清官方旗舰店-天猫Tmall.com

	",http://neutrogena.tmall.com/,202,露得清官方旗舰店
天猫,"

			首页-赛尼瑞旗舰店-天猫Tmall.com

	",http://sunnyright.tmall.com/,202,赛尼瑞旗舰店
天猫,"

			首页-银之行旗舰店-天猫Tmall.com

	",http://yinzhihang.tmall.com/,202,银之行旗舰店
天猫,"

			首页-oakley官方旗舰店-天猫Tmall.com

	",http://oakley.tmall.com/,201,oakley官方旗舰店
天猫,"

			首页-布先生旗舰店-天猫Tmall.com

	",http://buxiansheng.tmall.com/,201,布先生旗舰店
天猫,"

			首页-馋鱼儿旗舰店-天猫Tmall.com

	",http://chanyuer.tmall.com/,201,馋鱼儿旗舰店
天猫,"

			店铺浏览-淘宝网

		",http://ipushproxy.tmall.com/,201,
天猫,"

			首页-女之御旗舰店-天猫Tmall.com

	",http://nvzhiyu.tmall.com/,200,女之御旗舰店
天猫,"

			首页-umi旗舰店-天猫Tmall.com

	",http://umi.tmall.com/,200,umi旗舰店
天猫,"

			首页-双立人官方旗舰店-天猫Tmall.com

	",http://zwilling.tmall.com/,200,双立人官方旗舰店
天猫,"

			首页-怡丽官方旗舰店-天猫Tmall.com

	",http://elis.tmall.com/,200,怡丽官方旗舰店
天猫,"

			首页-方太官方旗舰店-天猫Tmall.com

	",http://fotile.tmall.com/,200,方太官方旗舰店
天猫,"

			首页-禾煜旗舰-天猫Tmall.com

	",http://heyushipin.tmall.com/,200,禾煜旗舰
天猫,"

			首页-美康粉黛旗舰店-天猫Tmall.com

	",http://meiking.tmall.com/,199,美康粉黛旗舰店
天猫,"

			首页-旗航壁纸旗舰店-天猫Tmall.com

	",http://qhbz.tmall.com/,199,旗航壁纸旗舰店
天猫,"

			首页-新华文轩网络书店-天猫Tmall.com

	",http://winshare.tmall.com/,199,新华文轩网络书店
天猫,"

			首页-妞妞食品专营店-天猫Tmall.com

	",http://niuniusp.tmall.com/,198,妞妞食品专营店
天猫,"

			首页-衣香丽影官方旗舰店-天猫Tmall.com

	",http://yixiangliying.tmall.com/,198,衣香丽影官方旗舰店
天猫,"

			首页-yoho有货旗舰店-天猫Tmall.com

	",http://yoho.tmall.com/,196,yoho有货旗舰店
天猫,"

			首页-麦比的世界旗舰店-天猫Tmall.com

	",http://maybesworld.tmall.com/,195,麦比的世界旗舰店
天猫,"

			首页-mecity官方旗舰店-天猫Tmall.com

	",http://me-city.tmall.com/,195,mecity官方旗舰店
天猫,"

			首页-鸣志办公专营店-天猫Tmall.com

	",http://mingzhibg.tmall.com/,195,鸣志办公专营店
天猫,"

			首页-gukoo旗舰店-天猫Tmall.com

	",http://gukoo.tmall.com/,195,gukoo旗舰店
天猫,"

			首页-爱丽思官方旗舰店-天猫Tmall.com

	",http://iris.tmall.com/,195,爱丽思官方旗舰店
天猫,"

			店铺浏览-淘宝网

		",http://kasdnr.tmall.com/,195,
天猫,"

			首页-又见小夕旗舰店-天猫Tmall.com

	",http://yjxx.tmall.com/,194,又见小夕旗舰店
天猫,"

			雅戈尔首页-雅戈尔官方旗舰店-天猫Tmall.com

	",http://youngor.tmall.com/,193,雅戈尔官方旗舰店
天猫,"

			首页-22度旗舰店-天猫Tmall.com

	",http://22fs.tmall.com/,193,22度旗舰店
天猫,"

			首页-我的美丽日志旗舰店-天猫Tmall.com

	",http://wodemeilirizhi.tmall.com/,192,我的美丽日志旗舰店
天猫,"

			首页-美洲野牛旗舰店-天猫Tmall.com

	",http://bisondenim.tmall.com/,192,美洲野牛旗舰店
天猫,"

			首页-g2000官方旗舰店-天猫Tmall.com

	",http://g2000.tmall.com/,192,g2000官方旗舰店
天猫,"

			首页-缪佳旗舰店-天猫Tmall.com

	",http://liaojia.tmall.com/,191,缪佳旗舰店
天猫,"

			首页-西黛尔旗舰店-天猫Tmall.com

	",http://cdesp.tmall.com/,191,西黛尔旗舰店
天猫,"

			首页-回意电器专营店-天猫Tmall.com

	",http://huiyidq.tmall.com/,191,回意电器专营店
天猫,"

			CEEN策恩鞋类旗舰店-策恩鞋类旗舰店-天猫Tmall.com

	",http://ceengz.tmall.com/,190,策恩鞋类旗舰店
天猫,,http://rate.tmall.com/,189,
天猫,"

			首页-金芝乐器专营店-天猫Tmall.com

	",http://jzyq.tmall.com/,189,金芝乐器专营店
天猫,"

			首页-lumi旗舰店-天猫Tmall.com

	",http://lumi.tmall.com/,189,lumi旗舰店
天猫,"

			首页-新施旗舰店-天猫Tmall.com

	",http://neos.tmall.com/,189,新施旗舰店
天猫,天猫手表眼镜配件频道-尚天猫，就购了    ,http://dai.tmall.com/,189,
天猫,"

			首页-江淮悦悦官方旗舰店-天猫Tmall.com

	",http://jac.tmall.com/,189,江淮悦悦官方旗舰店
天猫,"

			首页-睛姿旗舰店-天猫Tmall.com

	",http://jins.tmall.com/,189,睛姿旗舰店
天猫,"

			首页-口水娃旗舰店-天猫Tmall.com

	",http://koushuiwa.tmall.com/,188,口水娃旗舰店
天猫,"

			首页-品店官方旗舰店-天猫Tmall.com

	",http://pindian.tmall.com/,188,品店官方旗舰店
天猫,"

			首页-烟花烫服饰旗舰店-天猫Tmall.com

	",http://yanhuatang.tmall.com/,188,烟花烫服饰旗舰店
天猫,"

			首页-速写官方旗舰店-天猫Tmall.com

	",http://croquis.tmall.com/,188,速写官方旗舰店
天猫,"

			首页-零度尚品旗舰店-天猫Tmall.com

	",http://lingdushangpin.tmall.com/,187,零度尚品旗舰店
天猫,"

			首页-晴碧琳服饰旗舰店-天猫Tmall.com

	",http://qbily.tmall.com/,187,晴碧琳服饰旗舰店
天猫,"

			首页-varmossports服饰旗舰店-天猫Tmall.com

	",http://varmossports.tmall.com/,187,varmossports服饰旗舰店
天猫,"

			11.21日品牌日-苏醒的乐园旗舰店-天猫Tmall.com

	",http://suxingdeleyuan.tmall.com/,186,苏醒的乐园旗舰店
天猫,"

			首页-xrui服饰旗舰店-天猫Tmall.com

	",http://xrui.tmall.com/,186,xrui服饰旗舰店
天猫,"

			狂欢再聚 特惠返场-杉杉官方旗舰店-天猫Tmall.com

	",http://firs.tmall.com/,186,杉杉官方旗舰店
天猫,"

			首页-jansport旗舰店-天猫Tmall.com

	",http://jansport.tmall.com/,186,jansport旗舰店
天猫,"

			首页-mumuhome旗舰店-天猫Tmall.com

	",http://mumuhome.tmall.com/,185,mumuhome旗舰店
天猫,"

                        首页-英译诚旗舰店--            天猫Tmall.com             ",http://yingyicheng.tmall.com/,185,
天猫,"

			12月4日 品牌团两天-芬腾官方旗舰店-天猫Tmall.com

	",http://fenteng.tmall.com/,185,芬腾官方旗舰店
天猫,"

			首页-mring官方旗舰店-天猫Tmall.com

	",http://mring.tmall.com/,184,mring官方旗舰店
天猫,"

			首页-naturerepublic旗舰店-天猫Tmall.com

	",http://naturerepublic.tmall.com/,184,naturerepublic旗舰店
天猫,"

			首页-sainty旗舰店-天猫Tmall.com

	",http://sainty.tmall.com/,184,sainty旗舰店
天猫,"

			首页-上海大药房旗舰店-天猫Tmall.com

	",http://shdyf.tmall.com/,184,上海大药房旗舰店
天猫,"

			首页-斯乃纳官方旗舰店-天猫Tmall.com

	",http://sinaina.tmall.com/,184,斯乃纳官方旗舰店
天猫,"

			首页-goodsmile官方旗舰店-天猫Tmall.com

	",http://goodsmile.tmall.com/,184,goodsmile官方旗舰店
天猫,"

			首页-嗨悠游保险官方旗舰店-天猫Tmall.com

	",http://hiyouyou.tmall.com/,184,嗨悠游保险官方旗舰店
天猫,"

			首页-驴妈妈旅游专卖店-天猫Tmall.com

	",http://lvmama.tmall.com/,183,驴妈妈旅游专卖店
天猫,"

			首页-豪8印象旗舰店-天猫Tmall.com

	",http://haobaimpression.tmall.com/,183,豪8印象旗舰店
天猫,"

			首页-吉研安防专营店-天猫Tmall.com

	",http://jyaf.tmall.com/,182,吉研安防专营店
天猫,"

			双11后页面-osim傲胜旗舰店-天猫Tmall.com

	",http://osim.tmall.com/,182,osim傲胜旗舰店
天猫,"

			首页-pulais眼镜旗舰店-天猫Tmall.com

	",http://pulais.tmall.com/,182,pulais眼镜旗舰店
天猫,"

			首页-云盖石旗舰店-天猫Tmall.com

	",http://yungaishi.tmall.com/,182,云盖石旗舰店
天猫,"

			首页-百思图官方旗舰店-天猫Tmall.com

	",http://bst.tmall.com/,182,百思图官方旗舰店
天猫,"

			首页-cne官方旗舰店-天猫Tmall.com

	",http://cne.tmall.com/,182,cne官方旗舰店
天猫,"

			首页-合顺图书专营店-天猫Tmall.com

	",http://hstushu.tmall.com/,182,合顺图书专营店
天猫,"

			首页-美年大健康旗舰店-天猫Tmall.com

	",http://mndjkfw.tmall.com/,181,美年大健康旗舰店
天猫,"

			首页-淑女屋官方旗舰店-天猫Tmall.com

	",http://fairyfair.tmall.com/,181,淑女屋官方旗舰店
天猫,"

			首页-黑骑旗舰店-天猫Tmall.com

	",http://hekey.tmall.com/,181,黑骑旗舰店
天猫,"

			新首页-珂莱蒂尔旗舰店-天猫Tmall.com

	",http://koradior.tmall.com/,180,珂莱蒂尔旗舰店
天猫,"

			首页-诺伊曼旗舰店-天猫Tmall.com

	",http://noyoke.tmall.com/,180,诺伊曼旗舰店
天猫,"

			首页-欧迪办公用品专营店-天猫Tmall.com

	",http://odbgyp.tmall.com/,180,欧迪办公用品专营店
天猫,"

			首页-中青旅旗舰店-天猫Tmall.com

	",http://zhongqinglv.tmall.com/,180,中青旅旗舰店
天猫,"

			首页-东风雪铁龙官方旗舰店-天猫Tmall.com

	",http://citroen.tmall.com/,180,东风雪铁龙官方旗舰店
天猫,"

			首页-lesportsac创想专卖店-天猫Tmall.com

	",http://lesportsaccx.tmall.com/,179,lesportsac创想专卖店
天猫,"

			首页-robam沙嘉专卖店-天猫Tmall.com

	",http://robamsj.tmall.com/,179,robam沙嘉专卖店
天猫,"

			首页-膳魔师旗舰店-天猫Tmall.com

	",http://thermos.tmall.com/,179,膳魔师旗舰店
天猫,"

			首页-以纯旗舰店-天猫Tmall.com

	",http://yishion.tmall.com/,179,以纯旗舰店
天猫,"

			首页-金格尔运动专营店-天猫Tmall.com

	",http://jgeyd.tmall.com/,179,金格尔运动专营店
天猫,"

			首页-乐扣乐扣旗舰店-天猫Tmall.com

	",http://locknlock.tmall.com/,178,乐扣乐扣旗舰店
天猫,"

			★狂欢继续-欧普照明电工电器旗舰店-天猫Tmall.com

	",http://oppledgdq.tmall.com/,178,欧普照明电工电器旗舰店
天猫,"

			首页-三奇旗舰店-天猫Tmall.com

	",http://sanqiyongzhuang.tmall.com/,178,三奇旗舰店
天猫,"

			首页-银时代饰品旗舰店-天猫Tmall.com

	",http://yinshidai.tmall.com/,178,银时代饰品旗舰店
天猫,"

			首页-名人瑞裳旗舰店-天猫Tmall.com

	",http://mrrsbj.tmall.com/,177,名人瑞裳旗舰店
天猫,"

			全球知名两性健康品牌-durex杜蕾斯官方旗舰店-天猫Tmall.com

	",http://durex.tmall.com/,177,durex杜蕾斯官方旗舰店
天猫,"

			首页-exull依思q旗舰店-天猫Tmall.com

	",http://exull.tmall.com/,177,exull依思q旗舰店
天猫,"

			店铺浏览-淘宝网

		",http://mima.tmall.com/,177,
天猫,"

			首页-annzley旗舰店-天猫Tmall.com

	",http://annzley.tmall.com/,176,annzley旗舰店
天猫,"

			首页---华味亨旗舰店-天猫Tmall.com

	",http://huaweiheng.tmall.com/,175,--华味亨旗舰店
天猫,"

			首页-基毓数码专营店-天猫Tmall.com

	",http://jiyusm.tmall.com/,175,基毓数码专营店
天猫,"

			首页-litfly旗舰店-天猫Tmall.com

	",http://litfly.tmall.com/,174,litfly旗舰店
天猫,"

			首页-品胜数码旗舰店-天猫Tmall.com

	",http://pisen.tmall.com/,174,品胜数码旗舰店
天猫,"

			首页-艺然办公专营店-天猫Tmall.com

	",http://yrbg.tmall.com/,174,艺然办公专营店
天猫,"

			首页-卡宾官方旗舰店-天猫Tmall.com

	",http://cabbeen.tmall.com/,174,卡宾官方旗舰店
天猫,"

			首页-设计师的灯旗舰店-天猫Tmall.com

	",http://carenzdz.tmall.com/,174,设计师的灯旗舰店
天猫,"

			首页-finity官方旗舰店-天猫Tmall.com

	",http://finity.tmall.com/,174,finity官方旗舰店
天猫,"

			首页-茱莉蔻官方旗舰店-天猫Tmall.com

	",http://jurlique.tmall.com/,173,茱莉蔻官方旗舰店
天猫,"

			首页-罗技官方旗舰店-天猫Tmall.com

	",http://logitech.tmall.com/,172,罗技官方旗舰店
天猫,"

			首页-regal官方旗舰店-天猫Tmall.com

	",http://regal.tmall.com/,172,regal官方旗舰店
天猫,"

			首页-北包包旗舰店-天猫Tmall.com

	",http://beibaobao.tmall.com/,172,北包包旗舰店
天猫, ,http://miaoguoji.tmall.com/,172,
天猫,"

			店铺浏览-淘宝网

		",http://unit.tmall.com/,172,
天猫,"

			首页-青亿服饰专营店-天猫Tmall.com

	",http://qingyifs.tmall.com/,171,青亿服饰专营店
天猫,"

			首页-舒展车品专营店-天猫Tmall.com

	",http://shuzhancp.tmall.com/,171,舒展车品专营店
天猫,"

			首页-毅雅旗舰店-天猫Tmall.com

	",http://yiyaxl.tmall.com/,171,毅雅旗舰店
天猫,"

			新首页-贝佳斯官方旗舰店-天猫Tmall.com

	",http://borghese.tmall.com/,171,贝佳斯官方旗舰店
天猫,"

			首页-全友家居官方旗舰店-天猫Tmall.com

	",http://quanyou.tmall.com/,170,全友家居官方旗舰店
天猫,"

			首页-worromotu服饰旗舰店-天猫Tmall.com

	",http://worromotu.tmall.com/,170,worromotu服饰旗舰店
天猫,"

			首页-鄂尔多斯官方旗舰店-天猫Tmall.com

	",http://erdos.tmall.com/,170,鄂尔多斯官方旗舰店
天猫,"

			fila旗舰店-首页-fila官方旗舰店-天猫Tmall.com

	",http://fila.tmall.com/,170,首页-fila官方旗舰店
天猫,"

			首页-茗琳旗舰店-天猫Tmall.com

	",http://minglin.tmall.com/,169,茗琳旗舰店
天猫,"

			首页-北京中凯假日票务-天猫Tmall.com

	",http://bjzkjrpw.tmall.com/,169,北京中凯假日票务
天猫,"

			首页-ccdd女装旗舰店-天猫Tmall.com

	",http://ccdd.tmall.com/,169,ccdd女装旗舰店
天猫,"

			首页-cocobella官方旗舰-天猫Tmall.com

	",http://cocobella.tmall.com/,169,cocobella官方旗舰
天猫,"

			首页-高丝化妆品官方旗舰店-天猫Tmall.com

	",http://kose.tmall.com/,168,高丝化妆品官方旗舰店
天猫,"

			首页-飘零大叔旗舰店-天猫Tmall.com

	",http://piaolingdashu.tmall.com/,168,飘零大叔旗舰店
天猫,"

			首页-衣玲衣旗舰店-天猫Tmall.com

	",http://yilingyi.tmall.com/,168,衣玲衣旗舰店
天猫,"

			安联财产保险首页-安联财产保险官方旗舰店-天猫Tmall.com

	",http://allianz.tmall.com/,168,安联财产保险官方旗舰店
天猫,"

			首页-vivo官方旗舰店-天猫Tmall.com

	",http://vivo.tmall.com/,167,vivo官方旗舰店
天猫,"

			特步非一般的感觉-特步官方旗舰店-天猫Tmall.com

	",http://xtep.tmall.com/,167,特步官方旗舰店
天猫,"

			首页-花为媒家纺官方旗舰店-天猫Tmall.com

	",http://huaweimeijf.tmall.com/,167,花为媒家纺官方旗舰店
天猫,"

			首页-金号官方旗舰店-天猫Tmall.com

	",http://kingshore.tmall.com/,166,金号官方旗舰店
天猫,"

			首页-谜尚官方旗舰店-天猫Tmall.com

	",http://missha.tmall.com/,166,谜尚官方旗舰店
天猫,"

			首页-创维官方旗舰店-天猫Tmall.com

	",http://skyworth.tmall.com/,166,创维官方旗舰店
天猫,"

			首页-威古氏旗舰店-天猫Tmall.com

	",http://vegoos.tmall.com/,166,威古氏旗舰店
天猫,"

			双十二首页-萤石旗舰店-天猫Tmall.com

	",http://yingshi.tmall.com/,166,萤石旗舰店
天猫,"

			感恩回馈-传曦电器专营店-天猫Tmall.com

	",http://chuanxidianqi.tmall.com/,166,传曦电器专营店
天猫,"

			首页-爵姿旗舰店-天猫Tmall.com

	",http://juezi.tmall.com/,166,爵姿旗舰店
天猫,"

			首页-慕涵服饰专营店-天猫Tmall.com

	",http://muhanfs.tmall.com/,165,慕涵服饰专营店
天猫,"

			首页-rongmere旗舰店-天猫Tmall.com

	",http://rongmere.tmall.com/,164,rongmere旗舰店
天猫,"

			首页-诺奇旗舰店-天猫Tmall.com

	",,164,诺奇旗舰店
天猫,"

			首页-千趣会母婴旗舰店-天猫Tmall.com

	",http://senshukaimy.tmall.com/,164,千趣会母婴旗舰店
天猫,"

			首页-长帝旗舰店-天猫Tmall.com

	",http://changdi.tmall.com/,164,长帝旗舰店
天猫,"

			首页-蔓苓草旗舰店-天猫Tmall.com

	",http://manlingcao.tmall.com/,163,蔓苓草旗舰店
天猫,"

			首页-roseonly旗舰店-天猫Tmall.com

	",http://roseonly.tmall.com/,163,roseonly旗舰店
天猫,"

			首页-博世汽车配件旗舰店-天猫Tmall.com

	",http://boschqcpj.tmall.com/,163,博世汽车配件旗舰店
天猫,"

			首页-glasslock官方旗舰店-天猫Tmall.com

	",http://glasslock.tmall.com/,163,glasslock官方旗舰店
天猫,"

			首页-意尔康女鞋旗舰店-天猫Tmall.com

	",http://yearconnx.tmall.com/,162,意尔康女鞋旗舰店
天猫,"

			首页-antszone旗舰店-天猫Tmall.com

	",http://antszone.tmall.com/,162,antszone旗舰店
天猫,"

			首页-点子王旗舰店-天猫Tmall.com

	",http://dianziwang.tmall.com/,162,点子王旗舰店
天猫,"

			首页-和购旗舰店-天猫Tmall.com

	",http://hegou.tmall.com/,162,和购旗舰店
天猫,"

			首页-哈比熊旗舰店-天猫Tmall.com

	",http://hibear.tmall.com/,162,哈比熊旗舰店
天猫,"

			首页-铁三角官方旗舰店-天猫Tmall.com

	",http://audiotechnica.tmall.com/,161,铁三角官方旗舰店
天猫,"

			首页-香菲丽莎旗舰店-天猫Tmall.com

	",http://xiangfeilisha.tmall.com/,161,香菲丽莎旗舰店
天猫,"

			首页-美肤宝旗舰-天猫Tmall.com

	",http://meifubao.tmall.com/,161,美肤宝旗舰
天猫,"

			首页-姚太太食品旗舰店-天猫Tmall.com

	",http://yaotaitai.tmall.com/,161,姚太太食品旗舰店
天猫,"

			首页-fanxishop凡茜旗舰店-天猫Tmall.com

	",http://fanxishop.tmall.com/,161,fanxishop凡茜旗舰店
天猫,"

			首页-金丝玉帛旗舰店-天猫Tmall.com

	",http://jinsiyubo.tmall.com/,161,金丝玉帛旗舰店
天猫,"

			首页-jorya官方旗舰店-天猫Tmall.com

	",http://jorya.tmall.com/,161,jorya官方旗舰店
天猫,"

			首页-食人谷旗舰店-天猫Tmall.com

	",http://yunnantechan.tmall.com/,160,食人谷旗舰店
天猫,"

			首页-狮王官方旗舰店-天猫Tmall.com

	",http://lion.tmall.com/,160,狮王官方旗舰店
天猫,"

			首页-漫趣旗舰店-天猫Tmall.com

	",http://manqumy.tmall.com/,160,漫趣旗舰店
天猫,"

			首页-珀莱雅官方旗舰店-天猫Tmall.com

	",http://proya.tmall.com/,160,珀莱雅官方旗舰店
天猫,"

			首页-尤麦服饰旗舰店-天猫Tmall.com

	",http://youmy.tmall.com/,160,尤麦服饰旗舰店
天猫,"

			首页-中国移动官方旗舰店-天猫Tmall.com

	",http://10086.tmall.com/,160,中国移动官方旗舰店
天猫,吃乐会-尚天猫，就购了    ,http://chi.tmall.com/,160,
天猫,"

			迪士尼主会场-多妙屋母婴专营店-天猫Tmall.com

	",http://dmwmy.tmall.com/,160,多妙屋母婴专营店
天猫,"

			首页-UGG官方旗舰店-天猫Tmall.com

	",http://ugg.tmall.com/,159,UGG官方旗舰店
天猫,"

			首页-威妮华旗舰店-天猫Tmall.com

	",http://viennois.tmall.com/,159,威妮华旗舰店
天猫,"

			首页-西诺迪斯食品专营店-天猫Tmall.com

	",http://xndssp.tmall.com/,159,西诺迪斯食品专营店
天猫,"

			首页-比亚迪汽车官方旗舰店-天猫Tmall.com

	",http://bydqiche.tmall.com/,159,比亚迪汽车官方旗舰店
天猫,"

			首页-evisu旗舰店-天猫Tmall.com

	",http://evisu.tmall.com/,159,evisu旗舰店
天猫,"

			首页-劲极运动旗舰店-天猫Tmall.com

	",http://jinjiyd.tmall.com/,159,劲极运动旗舰店
天猫,"

			首页-甘甘的世界服饰旗舰店-天猫Tmall.com

	",http://ganganworld.tmall.com/,158,甘甘的世界服饰旗舰店
天猫,"

			首页-西门子家电官方旗舰店-天猫Tmall.com

	",http://siemens-home.tmall.com/,158,西门子家电官方旗舰店
天猫,"

			首页-亦美珊奢怡专卖店-天猫Tmall.com

	",http://yimeishansy.tmall.com/,158,亦美珊奢怡专卖店
天猫,"

			首页-krazy服饰旗舰店-天猫Tmall.com

	",http://krazy.tmall.com/,158,krazy服饰旗舰店
天猫,"

			首页-木村井泓旗舰店-天猫Tmall.com

	",http://mcjh.tmall.com/,158,木村井泓旗舰店
天猫,"

			首页-hushpuppies官方旗舰店-天猫Tmall.com

	",http://xiabushi.tmall.com/,158,hushpuppies官方旗舰店
天猫,"

			首页-吉祥人寿保险官方旗舰店-天猫Tmall.com

	",http://jxlife.tmall.com/,157,吉祥人寿保险官方旗舰店
天猫,"

			首页-百丽运动旗舰店-天猫Tmall.com

	",http://ruijieyd.tmall.com/,157,百丽运动旗舰店
天猫,"

			首页-石头记饰品旗舰店-天猫Tmall.com

	",http://istone.tmall.com/,157,石头记饰品旗舰店
天猫,"

			首页-洛克运动户外专营店-天猫Tmall.com

	",http://lkydhw.tmall.com/,156,洛克运动户外专营店
天猫,"

			首页-美的官方旗舰店-天猫Tmall.com

	",http://mideakt.tmall.com/,156,美的官方旗舰店
天猫,"

			首页-Za姬芮官方旗舰店-天猫Tmall.com

	",http://za.tmall.com/,156,Za姬芮官方旗舰店
天猫,"

			首页-achette雅氏旗舰店-天猫Tmall.com

	",http://achette.tmall.com/,156,achette雅氏旗舰店
天猫,"

			首页-禅心阁旗舰店-天猫Tmall.com

	",http://chanxinge.tmall.com/,156,禅心阁旗舰店
天猫,"

			首页-戴尔中国淘宝旗舰店-天猫Tmall.com

	",http://dell.tmall.com/,156,戴尔中国淘宝旗舰店
天猫,"

			首页-gertop旗舰店-天猫Tmall.com

	",http://gertop.tmall.com/,156,gertop旗舰店
天猫,"

			首页-魔迪旗舰店-天猫Tmall.com

	",http://modi.tmall.com/,155,魔迪旗舰店
天猫,"

			首页-心连心食品专营店-天猫Tmall.com

	",http://xlxsp.tmall.com/,155,心连心食品专营店
天猫,"

			首页-hconnect官方旗舰店-天猫Tmall.com

	",http://hconnect.tmall.com/,155,hconnect官方旗舰店
天猫,"

			首页-魅族官方旗舰店-天猫Tmall.com

	",http://meizu.tmall.com/,154,魅族官方旗舰店
天猫,尚天猫，就购了-新品牌形象发布-尚天猫，就购了    ,http://shang.tmall.com/,154,
天猫,"

			首页-洲克旗舰店-天猫Tmall.com

	",http://zoke.tmall.com/,154,洲克旗舰店
天猫,"

			首页-歌力思官方旗舰店-天猫Tmall.com

	",http://ellassay.tmall.com/,154,歌力思官方旗舰店
天猫,"

			首页-南之禾旗舰店-天猫Tmall.com

	",http://nanzhihe.tmall.com/,153,南之禾旗舰店
天猫,"

			首页-帮宝适官方旗舰店-天猫Tmall.com

	",http://pampers.tmall.com/,153,帮宝适官方旗舰店
天猫,"

			首页-上海恬园假期专卖店-天猫Tmall.com

	",http://shcty.tmall.com/,153,上海恬园假期专卖店
天猫,"

			首页-百分之一官方旗舰店-天猫Tmall.com

	",http://100f1.tmall.com/,153,百分之一官方旗舰店
天猫,"

			第七公社-第七公社旗舰店-天猫Tmall.com

	",http://diqigongshe.tmall.com/,152,第七公社旗舰店
天猫,"

			首页-ldioif旗舰店-天猫Tmall.com

	",http://ldioif.tmall.com/,152,ldioif旗舰店
天猫,"

			首页-太阳城旗舰店-天猫Tmall.com

	",http://suncity.tmall.com/,152,太阳城旗舰店
天猫,"

			首页-两个叔叔旗舰店-天猫Tmall.com

	",http://uncle2.tmall.com/,152,两个叔叔旗舰店
天猫,"

			首页-upstyle悠家良品店-天猫Tmall.com

	",http://upstyle.tmall.com/,152,upstyle悠家良品店
天猫,"

			首页版-Kappa官方旗舰店-天猫Tmall.com

	",http://kappa.tmall.com/,151,Kappa官方旗舰店
天猫,"

			首页-天津一汽官方旗舰店-天猫Tmall.com

	",http://tjfaw.tmall.com/,151,天津一汽官方旗舰店
天猫,"

			首页-依你家居旗舰店-天猫Tmall.com

	",http://yinijiaju.tmall.com/,151,依你家居旗舰店
天猫,"

			首页-丸美旗舰店-天猫Tmall.com

	",http://marubi.tmall.com/,150,丸美旗舰店
天猫,"

			首页-plory官方旗舰店-天猫Tmall.com

	",http://plory.tmall.com/,150,plory官方旗舰店
天猫,"

			首页-静风格官方旗舰店-天猫Tmall.com

	",http://stylejing.tmall.com/,150,静风格官方旗舰店
天猫,"

			首页-缀好义乌专卖店-天猫Tmall.com

	",http://zhuihaoyw.tmall.com/,150,缀好义乌专卖店
天猫,"

			首页-艾娜骑士旗舰店-天猫Tmall.com

	",http://ainakids.tmall.com/,150,艾娜骑士旗舰店
天猫,"

			首页-贝贝怡旗舰店-天猫Tmall.com

	",http://beibeiyi.tmall.com/,150,贝贝怡旗舰店
天猫,"

			首页-文悟旗舰店-天猫Tmall.com

	",http://wenwu.tmall.com/,149,文悟旗舰店
天猫,"

			首页-动力体育用品专营店-天猫Tmall.com

	",http://donglityyp.tmall.com/,149,动力体育用品专营店
天猫,"

			首页-科沃斯旗舰店-天猫Tmall.com

	",http://ecovacssz.tmall.com/,149,科沃斯旗舰店
天猫,"

			首页-欧薇娅旗舰店-天猫Tmall.com

	",http://ovia.tmall.com/,148,欧薇娅旗舰店
天猫,"

			首页-天蜜数码专营店-天猫Tmall.com

	",http://tianmism.tmall.com/,148,天蜜数码专营店
天猫,"

			首页-悦动汽车用品专营店-天猫Tmall.com

	",http://ydqcyp.tmall.com/,148,悦动汽车用品专营店
天猫,"

			首页-子初旗舰店-天猫Tmall.com

	",http://zichu.tmall.com/,148,子初旗舰店
天猫,"

			首页-同程旅游专卖店-天猫Tmall.com

	",http://17u.tmall.com/,148,同程旅游专卖店
天猫,"

			首页-太平洋保险直销店-天猫Tmall.com

	",http://cpic.tmall.com/,148,太平洋保险直销店
天猫,,http://seagull.tmall.com/,147,
天猫,"

			首页-蕾珂美旗舰店-天猫Tmall.com

	",http://renkomay.tmall.com/,147,蕾珂美旗舰店
天猫,,http://baicmotor.tmall.com/,147,
天猫,,http://daxidi.tmall.com/,147,
天猫,,http://lrosey.tmall.com/,146,
天猫,,http://murua.tmall.com/,146,
天猫,,http://nucelle.tmall.com/,146,
天猫,,http://zhidats.tmall.com/,146,
天猫,,http://falanshande.tmall.com/,146,
天猫,,http://hanshebalifs.tmall.com/,146,
天猫,,http://duoyi.tmall.com/,146,
天猫,,http://ropepicnic.tmall.com/,145,
天猫,,http://lianshangyu.tmall.com/,145,
天猫,"

			首页-hape旗舰-天猫Tmall.com

	",http://hapemy.tmall.com/,145,hape旗舰
天猫,"

			首页-红妮旗舰店-天猫Tmall.com

	",http://hongni.tmall.com/,145,红妮旗舰店
天猫,"

			首页-jsmix旗舰店-天猫Tmall.com

	",http://jsmix.tmall.com/,145,jsmix旗舰店
天猫,,http://biotherm.tmall.com/,145,
天猫,,http://dushiliren.tmall.com/,145,
天猫,"

			首页-圣弘数码专营店-天猫Tmall.com

	",http://shenghongsm.tmall.com/,144,圣弘数码专营店
天猫,"

			首页-nisi耐司旗舰店-天猫Tmall.com

	",http://nisi.tmall.com/,144,nisi耐司旗舰店
天猫,"

			首页-众泰汽车官方旗舰店-天猫Tmall.com

	",http://zotye.tmall.com/,144,众泰汽车官方旗舰店
天猫,"

			首页-波斯丹顿旗舰店-天猫Tmall.com

	",http://bosidandun.tmall.com/,144,波斯丹顿旗舰店
天猫,"

			首页-jbenato宾度旗舰店-天猫Tmall.com

	",http://jbenato.tmall.com/,144,jbenato宾度旗舰店
天猫,"

			首页-欧莱雅美发官方旗舰店-天猫Tmall.com

	",http://lorealhair.tmall.com/,143,欧莱雅美发官方旗舰店
天猫,"

			首页-rjstory旗舰店-天猫Tmall.com

	",http://rjstory.tmall.com/,143,rjstory旗舰店
天猫,"

			首页-优哈优哈杭州专卖店-天猫Tmall.com

	",http://yhyhhz.tmall.com/,143,优哈优哈杭州专卖店
天猫,"

			首页-小熊电器官方旗舰店-天猫Tmall.com

	",http://bear.tmall.com/,143,小熊电器官方旗舰店
天猫,"

			首页-巴布豆中赛专卖店-天猫Tmall.com

	",http://bobdogzs.tmall.com/,143,巴布豆中赛专卖店
天猫,"

			首页-格艾菲旗舰店-天猫Tmall.com

	",http://geaifei.tmall.com/,143,格艾菲旗舰店
天猫,"

			首页-金多乐宠物用品专营-天猫Tmall.com

	",http://jdlcwyp.tmall.com/,143,金多乐宠物用品专营
天猫,"

			首页-千百怡恋旗舰店-天猫Tmall.com

	",http://qianbaiyilian.tmall.com/,142,千百怡恋旗舰店
天猫,"

			首页-梦妆官方旗舰店-天猫Tmall.com

	",http://mamonde.tmall.com/,142,梦妆官方旗舰店
天猫,"

			首页-谜荼优品旗舰店-天猫Tmall.com

	",http://mteuping.tmall.com/,142,谜荼优品旗舰店
天猫,"

			首页-攀比轩旗舰店-天猫Tmall.com

	",http://panbixuan.tmall.com/,142,攀比轩旗舰店
天猫,"

			首页-三枪官方旗舰店-天猫Tmall.com

	",http://threegun.tmall.com/,142,三枪官方旗舰店
天猫,"

			首页-优梵艺术旗舰店-天猫Tmall.com

	",http://uvanart.tmall.com/,142,优梵艺术旗舰店
天猫,"

			首页-妍慕化妆品旗舰店-天猫Tmall.com

	",http://elamour.tmall.com/,142,妍慕化妆品旗舰店
天猫,"

			首页-林氏旗舰店-天猫Tmall.com

	",http://ls.tmall.com/,141,林氏旗舰店
天猫,"

			首页-onet凡兔旗舰店-天猫Tmall.com

	",http://onet.tmall.com/,141,onet凡兔旗舰店
天猫,"

			店铺浏览-淘宝网

		",http://shangbaiji.tmall.com/,141,
天猫,"

			首页-圣之花家居旗舰店-天猫Tmall.com

	",http://szh.tmall.com/,141,圣之花家居旗舰店
天猫,"

			首页-革方旗舰店-天猫Tmall.com

	",http://gefang.tmall.com/,141,革方旗舰店
天猫,"

			首页-parker官方旗舰店-天猫Tmall.com

	",http://parker.tmall.com/,140,parker官方旗舰店
